caller_graph_id,callee_graph_id,dispatch_basis
src_fedsira_config_load_scientific_config,src_fedsira_config_admissionopeningconfig_required_within_screen_domains,Pydantic model/field validator metadata
src_fedsira_config_load_scientific_config,src_fedsira_config_anchorfedavgconfig_cadences_fit_training_horizon,Pydantic model/field validator metadata
src_fedsira_config_load_scientific_config,src_fedsira_config_dataloaderconfig_persistent_workers_require_workers,Pydantic model/field validator metadata
src_fedsira_config_load_scientific_config,src_fedsira_config_datasetsconfig_datasets_are_distinct,Pydantic model/field validator metadata
src_fedsira_config_load_scientific_config,src_fedsira_config_densityclustertrimmedmeanconfig_trim_count_fits_cluster,Pydantic model/field validator metadata
src_fedsira_config_load_scientific_config,src_fedsira_config_diagnosticrandomverifierprofileconfig_required_within_panel,Pydantic model/field validator metadata
src_fedsira_config_load_scientific_config,src_fedsira_config_finalgateconfig_target_f1_floor_is_consistent,Pydantic model/field validator metadata
src_fedsira_config_load_scientific_config,src_fedsira_config_hiddensourcebackdoorconfig_confirmatory_fraction_is_in_sweep,Pydantic model/field validator metadata
src_fedsira_config_load_scientific_config,src_fedsira_config_optimizerconfig_betas_are_valid,Pydantic model/field validator metadata
src_fedsira_config_load_scientific_config,src_fedsira_config_resourcehorizonconfig_measurement_window_ordered,Pydantic model/field validator metadata
src_fedsira_config_load_scientific_config,src_fedsira_config_scalingconfig_clip_bounds_ordered,Pydantic model/field validator metadata
src_fedsira_config_load_scientific_config,src_fedsira_config_seedsanddeterminismconfig_master_seeds_are_distinct,Pydantic model/field validator metadata
src_fedsira_config_load_scientific_config,src_fedsira_config_synthesisconfig_committee_consistency,Pydantic model/field validator metadata
src_fedsira_config_load_scientific_config,src_fedsira_config_threerowcoordinatemedianconfig_byzantine_within_rows,Pydantic model/field validator metadata
src_fedsira_config_load_scientific_config,src_fedsira_config_validate_role_interval_bounds,Pydantic model/field validator metadata
src_fedsira_config_load_scientific_config,src_fedsira_config_verificationconfig_panel_consistency,Pydantic model/field validator metadata
src_fedsira_datasets_common_fit_feature_moments,src_fedsira_datasets_common_featuremoments_validate_consistency,Pydantic model/field validator metadata
src_fedsira_datasets_common_supported_role_windows,src_fedsira_datasets_common_rolewindow_validate_bounds,Pydantic model/field validator metadata
src_fedsira_datasets_common_target_role_windows,src_fedsira_datasets_common_rolewindow_validate_bounds,Pydantic model/field validator metadata
src_fedsira_application_collapse_experiment_completed,src_fedsira_experiments_engine_executionrecordstore_read_planned_outcomes,typed Python instance method dispatch
src_fedsira_application_collapse_experiment_completed,src_fedsira_experiments_planning_experimentplan_experiment,typed Python instance method dispatch
src_fedsira_application_doctorreport_is_deterministic_execution_ready,src_fedsira_application_doctorreport_blocking_environment_mismatches,typed Python property descriptor access
src_fedsira_application_execute_bound,src_fedsira_experiments_engine_experimentexecutionresult_execution_digest,typed Python property descriptor access
src_fedsira_application_experiment_state,src_fedsira_experiments_engine_executionrecordstore_read_all_outcomes,typed Python instance method dispatch
src_fedsira_application_experiment_state,src_fedsira_experiments_planning_experimentplan_experiment,typed Python instance method dispatch
src_fedsira_application_fedsiraapplication_doctor,src_fedsira_application_doctorreport_is_deterministic_execution_ready,typed Python property descriptor access
src_fedsira_application_materialize_core_if_complete,src_fedsira_experiments_collapse_resolvedcore_decision_identity,typed Python property descriptor access
src_fedsira_application_materialize_core_if_complete,src_fedsira_experiments_engine_executionrecordstore_read_all_outcomes,typed Python instance method dispatch
src_fedsira_application_materialize_core_if_complete,src_fedsira_experiments_planning_experimentplan_experiment,typed Python instance method dispatch
src_fedsira_application_render,src_fedsira_application_doctorreport_blocking_environment_mismatches,typed Python property descriptor access
src_fedsira_application_render_result,src_fedsira_experiments_engine_experimentexecutionresult_cell_completion_count,typed Python property descriptor access
src_fedsira_artifacts_store_publish_artifact_to_disk,src_fedsira_artifacts_store_artifactmanifest_with_lifecycle_state,typed Python instance method dispatch
src_fedsira_datasets_ciciot2023_prepare_write_secondary_views,src_fedsira_datasets_ciciot2023_schema_ciciot2023pseudodomain_display_token,typed Python property descriptor access
src_fedsira_datasets_common_datasetadapter_anchor_train_feature_mean,src_fedsira_datasets_common_datasetadapter_class_tokens,typed Python property descriptor access
src_fedsira_datasets_common_datasetadapter_anchor_train_feature_mean,src_fedsira_datasets_common_datasetadapter_target_class_token,typed Python property descriptor access
src_fedsira_datasets_common_datasetadapter_attack_carrier_class_token,src_fedsira_datasets_common_datasetadapter_dataset,typed Python property descriptor access
src_fedsira_datasets_common_datasetadapter_domain_token,src_fedsira_datasets_common_datasetadapter_dataset,typed Python property descriptor access
src_fedsira_datasets_common_datasetadapter_supported_rows_for_role,src_fedsira_datasets_common_datasetadapter_class_tokens,typed Python property descriptor access
src_fedsira_datasets_common_datasetadapter_supported_rows_for_role,src_fedsira_datasets_common_datasetadapter_target_class_token,typed Python property descriptor access
src_fedsira_datasets_common_datasetadapter_tensor_view,src_fedsira_datasets_common_datasetadapter_class_tokens,typed Python property descriptor access
src_fedsira_datasets_common_deterministic_domain_order,src_fedsira_datasets_common_datasetadapter_domain_token,typed Python instance method dispatch
src_fedsira_datasets_common_quantity_skew_multiplier_by_domain,src_fedsira_datasets_common_datasetadapter_domain_ids,typed Python property descriptor access
src_fedsira_datasets_common_role_for_normalized_position,src_fedsira_datasets_common_rolewindow_contains,typed Python instance method dispatch
src_fedsira_datasets_common_supported_role_windows,src_fedsira_config_supportedroleintervals_interval_for,typed Python instance method dispatch
src_fedsira_datasets_common_target_role_windows,src_fedsira_config_targetroleintervals_interval_for,typed Python instance method dispatch
src_fedsira_evaluation_metrics_compute_screen_differential,src_fedsira_datasets_common_datasetadapter_class_tokens,typed Python property descriptor access
src_fedsira_evaluation_metrics_compute_screen_differential,src_fedsira_datasets_common_datasetadapter_load_rows,typed Python instance method dispatch
src_fedsira_evaluation_metrics_compute_screen_differential,src_fedsira_datasets_common_datasetadapter_target_class_token,typed Python property descriptor access
src_fedsira_evaluation_metrics_compute_screen_differential,src_fedsira_datasets_common_datasetadapter_tensor_view,typed Python instance method dispatch
src_fedsira_evaluation_metrics_compute_source_backdoor_asr,src_fedsira_datasets_common_datasetadapter_attack_carrier_class_token,typed Python instance method dispatch
src_fedsira_evaluation_metrics_compute_source_backdoor_asr,src_fedsira_datasets_common_datasetadapter_benign_class_token,typed Python property descriptor access
src_fedsira_evaluation_metrics_compute_source_backdoor_asr,src_fedsira_datasets_common_datasetadapter_class_tokens,typed Python property descriptor access
src_fedsira_evaluation_metrics_compute_source_backdoor_asr,src_fedsira_datasets_common_datasetadapter_load_rows,typed Python instance method dispatch
src_fedsira_evaluation_metrics_compute_source_backdoor_asr,src_fedsira_datasets_common_datasetadapter_tensor_view,typed Python instance method dispatch
src_fedsira_evaluation_metrics_compute_unmatched_screen_differential,src_fedsira_datasets_common_datasetadapter_load_rows,typed Python instance method dispatch
src_fedsira_evaluation_metrics_compute_unmatched_screen_differential,src_fedsira_datasets_common_datasetadapter_target_class_token,typed Python property descriptor access
src_fedsira_evaluation_metrics_compute_unmatched_screen_differential,src_fedsira_datasets_common_datasetadapter_tensor_view,typed Python instance method dispatch
src_fedsira_evaluation_metrics_evaluate_domain,src_fedsira_datasets_common_datasetadapter_benign_class_token,typed Python property descriptor access
src_fedsira_evaluation_metrics_evaluate_domain,src_fedsira_datasets_common_datasetadapter_class_tokens,typed Python property descriptor access
src_fedsira_evaluation_metrics_evaluate_domain,src_fedsira_datasets_common_datasetadapter_load_rows,typed Python instance method dispatch
src_fedsira_evaluation_metrics_evaluate_domain,src_fedsira_datasets_common_datasetadapter_target_class_token,typed Python property descriptor access
src_fedsira_evaluation_metrics_evaluate_domain,src_fedsira_datasets_common_datasetadapter_tensor_view,typed Python instance method dispatch
src_fedsira_evaluation_metrics_non_source_domains,src_fedsira_datasets_common_datasetadapter_domain_ids,typed Python property descriptor access
src_fedsira_evaluation_metrics_root_cause_partitioned_row_ids,src_fedsira_datasets_common_datasetadapter_class_tokens,typed Python property descriptor access
src_fedsira_evaluation_metrics_root_cause_partitioned_row_ids,src_fedsira_datasets_common_datasetadapter_load_rows,typed Python instance method dispatch
src_fedsira_evaluation_metrics_root_cause_partitioned_row_ids,src_fedsira_datasets_common_datasetadapter_target_class_token,typed Python property descriptor access
src_fedsira_evaluation_metrics_triggered_to_benign_rate,src_fedsira_datasets_common_datasetadapter_attack_carrier_class_token,typed Python instance method dispatch
src_fedsira_evaluation_metrics_triggered_to_benign_rate,src_fedsira_datasets_common_datasetadapter_benign_class_token,typed Python property descriptor access
src_fedsira_evaluation_metrics_triggered_to_benign_rate,src_fedsira_datasets_common_datasetadapter_class_tokens,typed Python property descriptor access
src_fedsira_evaluation_metrics_triggered_to_benign_rate,src_fedsira_datasets_common_datasetadapter_feature_names,typed Python instance method dispatch
src_fedsira_evaluation_metrics_triggered_to_benign_rate,src_fedsira_datasets_common_datasetadapter_load_rows,typed Python instance method dispatch
src_fedsira_evaluation_screen_evidence_evaluate_screen_domain,src_fedsira_datasets_common_datasetadapter_load_rows,typed Python instance method dispatch
src_fedsira_evaluation_screen_evidence_evaluate_screen_domain,src_fedsira_datasets_common_datasetadapter_target_class_token,typed Python property descriptor access
src_fedsira_evaluation_service_diagnostic_marker_for_domain,src_fedsira_datasets_common_datasetadapter_benign_class_token,typed Python property descriptor access
src_fedsira_evaluation_service_diagnostic_marker_for_domain,src_fedsira_datasets_common_datasetadapter_class_tokens,typed Python property descriptor access
src_fedsira_evaluation_service_diagnostic_marker_for_domain,src_fedsira_datasets_common_datasetadapter_load_rows,typed Python instance method dispatch
src_fedsira_evaluation_service_diagnostic_marker_for_domain,src_fedsira_datasets_common_datasetadapter_target_class_token,typed Python property descriptor access
src_fedsira_evaluation_service_singleprocesstimingworker_measure,src_fedsira_runtime_cudaintervaltimer_elapsed_seconds,typed Python instance method dispatch
src_fedsira_evaluation_service_singleprocesstimingworker_measure,src_fedsira_runtime_cudaintervaltimer_start,typed Python instance method dispatch
src_fedsira_evaluation_service_singleprocesstimingworker_measure,src_fedsira_runtime_elapsedtimer_elapsed_seconds,typed Python instance method dispatch
src_fedsira_experiments_collapse_materialize_resolved_core,src_fedsira_experiments_collapse_resolvedcore_decision_identity,typed Python property descriptor access
src_fedsira_experiments_definitions_confirmatory_seed_count,src_fedsira_config_seedsanddeterminismconfig_confirmatory_seed_count,typed Python property descriptor access
src_fedsira_experiments_engine_execute_cell_phase_with_timeout,src_fedsira_domain_models_scientificcell_semantic_key,typed Python property descriptor access
src_fedsira_experiments_engine_execute_cell_phase_with_timeout,src_fedsira_experiments_engine_cellexecutor_execute_cell,typed Python instance method dispatch
src_fedsira_experiments_engine_executionrecordstore_write_outcome,src_fedsira_domain_models_scientificcell_semantic_key,typed Python property descriptor access
src_fedsira_experiments_engine_experiment_execution_digest,src_fedsira_domain_models_scientificcell_semantic_key,typed Python property descriptor access
src_fedsira_experiments_engine_prerequisite_states_from_store,src_fedsira_experiments_engine_executionrecordstore_read_planned_outcomes,typed Python instance method dispatch
src_fedsira_experiments_engine_prerequisite_states_from_store,src_fedsira_experiments_planning_experimentplan_experiment,typed Python instance method dispatch
src_fedsira_experiments_execution_execute_experiment,src_fedsira_experiments_engine_executionlogfields_with_cell_terminal_state,typed Python instance method dispatch
src_fedsira_experiments_execution_execute_experiment,src_fedsira_experiments_engine_executionlogfields_with_metric,typed Python instance method dispatch
src_fedsira_experiments_execution_execute_experiment,src_fedsira_experiments_engine_executionrecordstore_read_planned_outcomes,typed Python instance method dispatch
src_fedsira_experiments_execution_execute_experiment,src_fedsira_experiments_engine_executionrecordstore_reusable_outcome,typed Python instance method dispatch
src_fedsira_experiments_execution_execute_experiment,src_fedsira_experiments_engine_executionrecordstore_write_outcome,typed Python instance method dispatch
src_fedsira_experiments_execution_execute_experiment,src_fedsira_experiments_engine_experimentexecutionresult_cell_completion_count,typed Python property descriptor access
src_fedsira_experiments_execution_execute_experiment,src_fedsira_experiments_planning_experimentplan_experiment,typed Python instance method dispatch
src_fedsira_experiments_execution_execute_experiment,src_fedsira_runtime_elapsedtimer_elapsed_seconds,typed Python instance method dispatch
src_fedsira_experiments_execution_execute_smoke,src_fedsira_experiments_smoke_records_smokesuiteresult_passed,typed Python property descriptor access
src_fedsira_experiments_execution_extended_mathematical_invariants,src_fedsira_domain_models_admissiondelaydecomposition_post_evidence_wall_clock_seconds,typed Python property descriptor access
src_fedsira_experiments_execution_persist_smoke_record,src_fedsira_experiments_smoke_records_smokesuiteresult_passed,typed Python property descriptor access
src_fedsira_experiments_execution_render_smoke,src_fedsira_experiments_smoke_records_smokesuiteresult_passed,typed Python property descriptor access
src_fedsira_experiments_execution_render_status,src_fedsira_experiments_engine_executionrecordstore_read_planned_outcomes,typed Python instance method dispatch
src_fedsira_experiments_execution_run_protocol_invariant_validation,src_fedsira_experiments_smoke_records_smokesuiteresult_passed,typed Python property descriptor access
src_fedsira_experiments_execution_validate_cell_terminal_record,src_fedsira_domain_models_scientificcell_semantic_key,typed Python property descriptor access
src_fedsira_experiments_handlers_protocolcelldispatch_ablation_compromised_reproducers,src_fedsira_datasets_common_datasetadapter_domain_ids,typed Python property descriptor access
src_fedsira_experiments_handlers_protocolcelldispatch_advance_protocol,src_fedsira_datasets_common_datasetadapter_domain_ids,typed Python property descriptor access
src_fedsira_experiments_handlers_protocolcelldispatch_advance_protocol,src_fedsira_experiments_engine_protocolphasedurations_with_synthesize_seconds,typed Python instance method dispatch
src_fedsira_experiments_handlers_protocolcelldispatch_advance_protocol,src_fedsira_experiments_engine_protocolphasedurations_with_verify_seconds,typed Python instance method dispatch
src_fedsira_experiments_handlers_protocolcelldispatch_advance_protocol,src_fedsira_runtime_elapsedtimer_elapsed_seconds,typed Python instance method dispatch
src_fedsira_experiments_handlers_protocolcelldispatch_execute_admission_delay_cell,src_fedsira_runtime_elapsedtimer_elapsed_seconds,typed Python instance method dispatch
src_fedsira_experiments_handlers_protocolcelldispatch_execute_boundary_cell,src_fedsira_datasets_common_datasetadapter_benign_class_token,typed Python property descriptor access
src_fedsira_experiments_handlers_protocolcelldispatch_execute_boundary_cell,src_fedsira_datasets_common_datasetadapter_target_class_token,typed Python property descriptor access
src_fedsira_experiments_handlers_protocolcelldispatch_execute_efficiency_cell,src_fedsira_domain_models_scientificcell_semantic_key,typed Python property descriptor access
src_fedsira_experiments_handlers_protocolcelldispatch_execute_efficiency_cell,src_fedsira_evaluation_service_singleprocesstimingworker_measure,typed Python instance method dispatch
src_fedsira_experiments_handlers_protocolcelldispatch_execute_efficiency_cell,src_fedsira_experiments_handlers_protocolcelldispatch_advance_protocol,typed Python instance method dispatch
src_fedsira_experiments_handlers_protocolcelldispatch_execute_efficiency_cell,src_fedsira_experiments_handlers_protocolcelldispatch_execute_baseline_cell,typed Python instance method dispatch
src_fedsira_experiments_handlers_protocolcelldispatch_execute_reproducer_robustness_cell,src_fedsira_datasets_common_datasetadapter_domain_ids,typed Python property descriptor access
src_fedsira_experiments_handlers_protocolcelldispatch_run_opening_stage,src_fedsira_datasets_common_datasetadapter_class_tokens,typed Python property descriptor access
src_fedsira_experiments_handlers_protocolcelldispatch_run_opening_stage,src_fedsira_datasets_common_datasetadapter_dataset,typed Python property descriptor access
src_fedsira_experiments_handlers_protocolcellexecutor_candidate_capability_contract_passes,src_fedsira_datasets_common_datasetadapter_class_tokens,typed Python property descriptor access
src_fedsira_experiments_handlers_protocolcellexecutor_candidate_capability_contract_passes,src_fedsira_datasets_common_datasetadapter_target_class_token,typed Python property descriptor access
src_fedsira_experiments_handlers_protocolcellexecutor_execute_cell,src_fedsira_datasets_common_datasetadapter_target_class_token,typed Python property descriptor access
src_fedsira_experiments_handlers_protocolcellexecutor_final_gate_outcome,src_fedsira_datasets_common_datasetadapter_class_tokens,typed Python property descriptor access
src_fedsira_experiments_handlers_protocolcellexecutor_final_gate_outcome,src_fedsira_datasets_common_datasetadapter_dataset,typed Python property descriptor access
src_fedsira_experiments_handlers_protocolcellexecutor_real_anchor,src_fedsira_datasets_common_datasetadapter_class_tokens,typed Python property descriptor access
src_fedsira_experiments_handlers_protocolcellexecutor_real_anchor,src_fedsira_datasets_common_datasetadapter_dataset,typed Python property descriptor access
src_fedsira_experiments_handlers_protocolcellexecutor_real_anchor,src_fedsira_datasets_common_datasetadapter_evidence_available,typed Python instance method dispatch
src_fedsira_experiments_handlers_protocolcellexecutor_same_context_verifier_panel,src_fedsira_datasets_common_datasetadapter_anchor_train_feature_mean,typed Python instance method dispatch
src_fedsira_experiments_handlers_protocolcellexecutor_same_context_verifier_panel,src_fedsira_datasets_common_datasetadapter_domain_ids,typed Python property descriptor access
src_fedsira_experiments_handlers_protocolcellexecutor_scoped_capability_contract_passes,src_fedsira_datasets_common_datasetadapter_class_tokens,typed Python property descriptor access
src_fedsira_experiments_handlers_protocolcellexecutor_scoped_capability_contract_passes,src_fedsira_datasets_common_datasetadapter_target_class_token,typed Python property descriptor access
src_fedsira_experiments_handlers_single_verifier_progression,src_fedsira_datasets_common_datasetadapter_domain_ids,typed Python property descriptor access
src_fedsira_experiments_planning_render_plan,src_fedsira_experiments_planning_experimentplan_post_core_cell_count,typed Python property descriptor access
src_fedsira_experiments_planning_render_plan,src_fedsira_experiments_planning_experimentplan_pre_core_cell_count,typed Python property descriptor access
src_fedsira_experiments_planning_render_plan,src_fedsira_experiments_planning_experimentplan_total_cell_count,typed Python property descriptor access
src_fedsira_experiments_planning_validate_planned_cell_count_invariant,src_fedsira_experiments_planning_experimentplan_post_core_cell_count,typed Python property descriptor access
src_fedsira_experiments_planning_validate_planned_cell_count_invariant,src_fedsira_experiments_planning_experimentplan_pre_core_cell_count,typed Python property descriptor access
src_fedsira_experiments_planning_validate_planned_cell_count_invariant,src_fedsira_experiments_planning_experimentplan_total_cell_count,typed Python property descriptor access
src_fedsira_experiments_reproduction_progression_model_replacement_attack_feasible_domains,src_fedsira_datasets_common_datasetadapter_attack_carrier_class_token,typed Python instance method dispatch
src_fedsira_experiments_reproduction_progression_model_replacement_attack_feasible_domains,src_fedsira_datasets_common_datasetadapter_domain_ids,typed Python property descriptor access
src_fedsira_experiments_reproduction_progression_model_replacement_attack_feasible_domains,src_fedsira_datasets_common_datasetadapter_load_rows,typed Python instance method dispatch
src_fedsira_experiments_reproduction_progression_reproduction_progression,src_fedsira_datasets_common_datasetadapter_class_tokens,typed Python property descriptor access
src_fedsira_experiments_reproduction_progression_reproduction_progression,src_fedsira_datasets_common_datasetadapter_dataset,typed Python property descriptor access
src_fedsira_experiments_reproduction_progression_reproduction_progression,src_fedsira_datasets_common_datasetadapter_domain_ids,typed Python property descriptor access
src_fedsira_learning_federated_train_anchor,src_fedsira_datasets_common_datasetadapter_benign_class_token,typed Python property descriptor access
src_fedsira_learning_federated_train_anchor,src_fedsira_datasets_common_datasetadapter_class_tokens,typed Python property descriptor access
src_fedsira_learning_federated_train_anchor,src_fedsira_datasets_common_datasetadapter_domain_ids,typed Python property descriptor access
src_fedsira_learning_federated_train_anchor,src_fedsira_datasets_common_datasetadapter_domain_token,typed Python instance method dispatch
src_fedsira_learning_federated_train_anchor,src_fedsira_datasets_common_datasetadapter_load_rows,typed Python instance method dispatch
src_fedsira_learning_federated_train_anchor,src_fedsira_datasets_common_datasetadapter_manifest_hash,typed Python instance method dispatch
src_fedsira_learning_federated_train_anchor,src_fedsira_datasets_common_datasetadapter_supported_rows_for_role,typed Python instance method dispatch
src_fedsira_learning_federated_train_anchor,src_fedsira_datasets_common_datasetadapter_tensor_view,typed Python instance method dispatch
src_fedsira_learning_federated_train_anchor,src_fedsira_runtime_elapsedtimer_elapsed_seconds,typed Python instance method dispatch
src_fedsira_learning_post_reference_combined_post_reference_rows,src_fedsira_datasets_common_datasetadapter_attack_carrier_class_token,typed Python instance method dispatch
src_fedsira_learning_post_reference_combined_post_reference_rows,src_fedsira_datasets_common_datasetadapter_benign_class_token,typed Python property descriptor access
src_fedsira_learning_post_reference_combined_post_reference_rows,src_fedsira_datasets_common_datasetadapter_class_tokens,typed Python property descriptor access
src_fedsira_learning_post_reference_combined_post_reference_rows,src_fedsira_datasets_common_datasetadapter_domain_token,typed Python instance method dispatch
src_fedsira_learning_post_reference_combined_post_reference_rows,src_fedsira_datasets_common_datasetadapter_load_rows,typed Python instance method dispatch
src_fedsira_learning_post_reference_combined_post_reference_rows,src_fedsira_datasets_common_datasetadapter_target_class_token,typed Python property descriptor access
src_fedsira_learning_post_reference_combined_post_reference_rows,src_fedsira_datasets_common_datasetadapter_tensor_view,typed Python instance method dispatch
src_fedsira_learning_post_reference_irrelevant_source_class_by_anchor_cross_entropy,src_fedsira_datasets_common_datasetadapter_benign_class_token,typed Python property descriptor access
src_fedsira_learning_post_reference_irrelevant_source_class_by_anchor_cross_entropy,src_fedsira_datasets_common_datasetadapter_class_tokens,typed Python property descriptor access
src_fedsira_learning_post_reference_irrelevant_source_class_by_anchor_cross_entropy,src_fedsira_datasets_common_datasetadapter_load_rows,typed Python instance method dispatch
src_fedsira_learning_post_reference_irrelevant_source_class_by_anchor_cross_entropy,src_fedsira_datasets_common_datasetadapter_target_class_token,typed Python property descriptor access
src_fedsira_learning_post_reference_irrelevant_source_class_by_anchor_cross_entropy,src_fedsira_datasets_common_datasetadapter_tensor_view,typed Python instance method dispatch
src_fedsira_learning_post_reference_train_centralized_reference_checkpoint,src_fedsira_datasets_common_datasetadapter_class_tokens,typed Python property descriptor access
src_fedsira_learning_post_reference_train_centralized_reference_checkpoint,src_fedsira_datasets_common_datasetadapter_domain_ids,typed Python property descriptor access
src_fedsira_learning_post_reference_train_centralized_reference_checkpoint,src_fedsira_datasets_common_datasetadapter_domain_token,typed Python instance method dispatch
src_fedsira_learning_post_reference_train_centralized_reference_checkpoint,src_fedsira_datasets_common_datasetadapter_load_rows,typed Python instance method dispatch
src_fedsira_learning_post_reference_train_centralized_reference_checkpoint,src_fedsira_datasets_common_datasetadapter_manifest_hash,typed Python instance method dispatch
src_fedsira_learning_post_reference_train_centralized_reference_checkpoint,src_fedsira_datasets_common_datasetadapter_target_class_token,typed Python property descriptor access
src_fedsira_learning_post_reference_train_centralized_reference_checkpoint,src_fedsira_datasets_common_datasetadapter_tensor_view,typed Python instance method dispatch
src_fedsira_learning_post_reference_train_generic_hard_supported_examples_delta,src_fedsira_datasets_common_datasetadapter_class_tokens,typed Python property descriptor access
src_fedsira_learning_post_reference_train_generic_hard_supported_examples_delta,src_fedsira_datasets_common_datasetadapter_domain_token,typed Python instance method dispatch
src_fedsira_learning_post_reference_train_generic_hard_supported_examples_delta,src_fedsira_datasets_common_datasetadapter_load_rows,typed Python instance method dispatch
src_fedsira_learning_post_reference_train_generic_hard_supported_examples_delta,src_fedsira_datasets_common_datasetadapter_target_class_token,typed Python property descriptor access
src_fedsira_learning_post_reference_train_generic_hard_supported_examples_delta,src_fedsira_datasets_common_datasetadapter_tensor_view,typed Python instance method dispatch
src_fedsira_learning_post_reference_train_local_only_reference_checkpoint,src_fedsira_datasets_common_datasetadapter_class_tokens,typed Python property descriptor access
src_fedsira_learning_post_reference_train_local_only_reference_checkpoint,src_fedsira_datasets_common_datasetadapter_domain_token,typed Python instance method dispatch
src_fedsira_learning_post_reference_train_local_only_reference_checkpoint,src_fedsira_datasets_common_datasetadapter_load_rows,typed Python instance method dispatch
src_fedsira_learning_post_reference_train_local_only_reference_checkpoint,src_fedsira_datasets_common_datasetadapter_manifest_hash,typed Python instance method dispatch
src_fedsira_learning_post_reference_train_local_only_reference_checkpoint,src_fedsira_datasets_common_datasetadapter_target_class_token,typed Python property descriptor access
src_fedsira_learning_post_reference_train_local_only_reference_checkpoint,src_fedsira_datasets_common_datasetadapter_tensor_view,typed Python instance method dispatch
src_fedsira_learning_post_reference_train_post_reference_delta,src_fedsira_datasets_common_datasetadapter_domain_token,typed Python instance method dispatch
src_fedsira_learning_post_reference_verifier_aware_carrier_mask,src_fedsira_datasets_common_datasetadapter_attack_carrier_class_token,typed Python instance method dispatch
src_fedsira_learning_post_reference_verifier_aware_carrier_mask,src_fedsira_datasets_common_datasetadapter_load_rows,typed Python instance method dispatch
src_fedsira_protocol_baselines_defenses_ensemble_predictions_for_domain,src_fedsira_datasets_common_datasetadapter_load_rows,typed Python instance method dispatch
src_fedsira_protocol_baselines_defenses_group_anchor_checkpoint,src_fedsira_datasets_common_datasetadapter_load_rows,typed Python instance method dispatch
src_fedsira_protocol_baselines_defenses_group_anchor_checkpoint,src_fedsira_datasets_common_datasetadapter_tensor_view,typed Python instance method dispatch
src_fedsira_protocol_baselines_defenses_group_post_reference_round_clients,src_fedsira_datasets_common_datasetadapter_load_rows,typed Python instance method dispatch
src_fedsira_protocol_baselines_defenses_group_post_reference_round_clients,src_fedsira_datasets_common_datasetadapter_tensor_view,typed Python instance method dispatch
src_fedsira_protocol_baselines_defenses_recovery_backdoor_alarm_threshold,src_fedsira_datasets_common_datasetadapter_domain_ids,typed Python property descriptor access
src_fedsira_protocol_baselines_defenses_recovery_backdoor_alarm_threshold,src_fedsira_datasets_common_datasetadapter_trigger_feature_names,typed Python property descriptor access
src_fedsira_protocol_baselines_training_client_delta_from_role,src_fedsira_datasets_common_datasetadapter_load_rows,typed Python instance method dispatch
src_fedsira_protocol_baselines_training_client_delta_from_role,src_fedsira_datasets_common_datasetadapter_tensor_view,typed Python instance method dispatch
src_fedsira_protocol_baselines_training_train_density_cluster_trimmed_mean_delta,src_fedsira_datasets_common_datasetadapter_load_rows,typed Python instance method dispatch
src_fedsira_protocol_baselines_training_train_ordinary_fedavg_delta,src_fedsira_datasets_common_datasetadapter_load_rows,typed Python instance method dispatch
src_fedsira_protocol_baselines_training_train_update_reconstruction_filter_delta,src_fedsira_datasets_common_datasetadapter_load_rows,typed Python instance method dispatch
src_fedsira_protocol_capability_contract_capability_contract_for_digest,src_fedsira_datasets_common_datasetadapter_class_tokens,typed Python property descriptor access
src_fedsira_protocol_capability_contract_capability_contract_for_digest,src_fedsira_datasets_common_datasetadapter_domain_ids,typed Python property descriptor access
src_fedsira_protocol_capability_contract_capability_contract_for_digest,src_fedsira_datasets_common_datasetadapter_target_class_token,typed Python property descriptor access
src_fedsira_protocol_proposal_domains_with_class,src_fedsira_datasets_common_datasetadapter_domain_ids,typed Python property descriptor access
src_fedsira_protocol_proposal_domains_with_class,src_fedsira_datasets_common_datasetadapter_load_rows,typed Python instance method dispatch
src_fedsira_protocol_proposal_first_target_sample_id,src_fedsira_datasets_common_datasetadapter_load_rows,typed Python instance method dispatch
src_fedsira_protocol_proposal_first_target_sample_id,src_fedsira_datasets_common_datasetadapter_target_class_token,typed Python property descriptor access
src_fedsira_protocol_proposal_source_domain_for_cell,src_fedsira_datasets_common_datasetadapter_attack_carrier_class_token,typed Python instance method dispatch
src_fedsira_protocol_proposal_source_domain_for_cell,src_fedsira_datasets_common_datasetadapter_domain_ids,typed Python property descriptor access
src_fedsira_protocol_proposal_source_domain_for_cell,src_fedsira_datasets_common_datasetadapter_target_class_token,typed Python property descriptor access
src_fedsira_protocol_proposal_supported_role_count,src_fedsira_datasets_common_datasetadapter_class_tokens,typed Python property descriptor access
src_fedsira_protocol_proposal_supported_role_count,src_fedsira_datasets_common_datasetadapter_load_rows,typed Python instance method dispatch
src_fedsira_protocol_proposal_supported_role_count,src_fedsira_datasets_common_datasetadapter_target_class_token,typed Python property descriptor access
src_fedsira_protocol_proposal_target_role_count,src_fedsira_datasets_common_datasetadapter_load_rows,typed Python instance method dispatch
src_fedsira_protocol_proposal_target_role_count,src_fedsira_datasets_common_datasetadapter_target_class_token,typed Python property descriptor access
src_fedsira_protocol_rules_reproducer_order,src_fedsira_datasets_common_datasetadapter_domain_token,typed Python instance method dispatch
src_fedsira_protocol_rules_reproducer_order_for_cell,src_fedsira_datasets_common_datasetadapter_domain_ids,typed Python property descriptor access
src_fedsira_protocol_verification_verifier_panel,src_fedsira_datasets_common_datasetadapter_domain_ids,typed Python property descriptor access
src_fedsira_reporting_export_aggregate_rows,src_fedsira_reporting_export_metricevidencerow_observation_id,typed Python property descriptor access
src_fedsira_reporting_export_comparison_source_semantic_keys,src_fedsira_domain_models_scientificcell_semantic_key,typed Python property descriptor access
src_fedsira_reporting_export_execute_bound,src_fedsira_experiments_engine_executionrecordstore_read_all_outcomes,typed Python instance method dispatch
src_fedsira_reporting_export_export_experiment_report,src_fedsira_experiments_engine_experimentexecutionresult_cell_completion_count,typed Python property descriptor access
src_fedsira_reporting_export_export_experiment_report,src_fedsira_experiments_engine_experimentexecutionresult_execution_digest,typed Python property descriptor access
src_fedsira_reporting_export_load_collapse_decisions,src_fedsira_experiments_engine_executionrecordstore_read_all_outcomes,typed Python instance method dispatch
src_fedsira_reporting_export_load_collapse_decisions,src_fedsira_experiments_planning_experimentplan_experiment,typed Python instance method dispatch
src_fedsira_reporting_export_load_experiment_result,src_fedsira_experiments_engine_executionrecordstore_read_all_outcomes,typed Python instance method dispatch
src_fedsira_reporting_export_load_experiment_result,src_fedsira_experiments_planning_experimentplan_experiment,typed Python instance method dispatch
src_fedsira_reporting_export_metric_rows,src_fedsira_domain_models_scientificcell_semantic_key,typed Python property descriptor access
src_fedsira_reporting_export_metricevidencerow_values,src_fedsira_reporting_export_metricevidencerow_observation_id,typed Python property descriptor access
src_fedsira_reporting_export_missing_result_evidence,src_fedsira_experiments_engine_cellexecutionoutcome_completed,typed Python property descriptor access
src_fedsira_reporting_export_persisted_summary_failures,src_fedsira_experiments_engine_experimentexecutionresult_cell_completion_count,typed Python property descriptor access
src_fedsira_reporting_export_persisted_summary_failures,src_fedsira_experiments_engine_experimentexecutionresult_execution_digest,typed Python property descriptor access
src_fedsira_reporting_export_publication_identity_failures,src_fedsira_experiments_engine_experimentexecutionresult_execution_digest,typed Python property descriptor access
src_fedsira_reporting_export_verify_experiment_artifacts,src_fedsira_experiments_engine_experimentexecutionresult_execution_digest,typed Python property descriptor access
src_fedsira_reporting_export_write_aggregate_metric_parquet,src_fedsira_reporting_export_aggregatemetricevidencerow_values,typed Python instance method dispatch
src_fedsira_reporting_export_write_comparison_parquet,src_fedsira_reporting_export_comparisonevidencerow_values,typed Python instance method dispatch
src_fedsira_reporting_export_write_metric_parquet,src_fedsira_reporting_export_metricevidencerow_values,typed Python instance method dispatch
src_fedsira_reporting_export_write_state_trajectory_parquet,src_fedsira_reporting_export_statetrajectoryevidencerow_values,typed Python instance method dispatch
src_fedsira_reporting_figures_completed_outcomes,src_fedsira_experiments_engine_cellexecutionoutcome_completed,typed Python property descriptor access
src_fedsira_reporting_figures_efficiency_telemetry,src_fedsira_experiments_engine_cellexecutionoutcome_completed,typed Python property descriptor access
src_fedsira_reporting_figures_evidence_trajectory,src_fedsira_experiments_engine_executionrecordstore_read_all_outcomes,typed Python instance method dispatch
src_fedsira_reporting_figures_outcome_evidence_trajectory,src_fedsira_domain_models_scientificcell_semantic_key,typed Python property descriptor access
src_fedsira_reporting_figures_outcome_evidence_trajectory,src_fedsira_experiments_engine_cellexecutionoutcome_completed,typed Python property descriptor access
src_fedsira_reporting_figures_render_shared_epistemic_failure,src_fedsira_experiments_engine_cellexecutionoutcome_completed,typed Python property descriptor access
src_fedsira_reporting_figures_render_useful_backdoored_source,src_fedsira_experiments_engine_cellexecutionoutcome_completed,typed Python property descriptor access
src_fedsira_reporting_protocol_tables_domain_target_count,src_fedsira_datasets_common_prepareddomainsummary_count,typed Python instance method dispatch
src_fedsira_reporting_protocol_tables_render_primary_domain_statistics_table,src_fedsira_datasets_common_prepareddomainsummary_count,typed Python instance method dispatch
src_fedsira_reporting_protocol_tables_render_primary_domain_statistics_table,src_fedsira_datasets_common_prepareddomainsummary_count_for_role,typed Python instance method dispatch
src_fedsira_reporting_protocol_tables_role_counts,src_fedsira_datasets_common_prepareddomainsummary_count,typed Python instance method dispatch
src_fedsira_reporting_protocol_tables_supported_role_counts,src_fedsira_datasets_common_prepareddomainsummary_count_for_role,typed Python instance method dispatch
src_fedsira_reporting_tables_completed_outcome_count,src_fedsira_experiments_engine_cellexecutionoutcome_completed,typed Python property descriptor access
src_fedsira_reporting_tables_render_failure_boundaries_table,src_fedsira_experiments_engine_cellexecutionoutcome_completed,typed Python property descriptor access
src_fedsira_reporting_verification_verify_comparison_evidence_current,src_fedsira_experiments_engine_executionrecordstore_read_all_outcomes,typed Python instance method dispatch
src_fedsira_reporting_verification_verify_mandatory_figure_source_data,src_fedsira_experiments_engine_cellexecutionoutcome_completed,typed Python property descriptor access
src_fedsira_application_diagnose_bound,src_fedsira_experiments_engine_executionrecordstore_init,implicit Python constructor dispatch
src_fedsira_application_execute_bound,src_fedsira_experiments_handlers_protocolcellexecutor_init,implicit Python constructor dispatch
src_fedsira_application_materialize_core_if_complete,src_fedsira_experiments_engine_executionrecordstore_init,implicit Python constructor dispatch
src_fedsira_evaluation_metrics_compute_source_backdoor_asr,src_fedsira_learning_model_fedsiraclassifier_init,implicit Python constructor dispatch
src_fedsira_evaluation_metrics_evaluate_domain,src_fedsira_learning_model_fedsiraclassifier_init,implicit Python constructor dispatch
src_fedsira_evaluation_metrics_screen_models,src_fedsira_learning_model_fedsiraclassifier_init,implicit Python constructor dispatch
src_fedsira_evaluation_metrics_triggered_to_benign_rate,src_fedsira_learning_model_fedsiraclassifier_init,implicit Python constructor dispatch
src_fedsira_evaluation_metrics_validate_metric_class_membership,src_fedsira_evaluation_metrics_evaluationvalidationerror_init,implicit Python constructor dispatch
src_fedsira_evaluation_service_build_comparison_results_for_experiment,src_fedsira_experiments_engine_executionrecordstore_init,implicit Python constructor dispatch
src_fedsira_evaluation_service_diagnostic_marker_for_domain,src_fedsira_learning_model_fedsiraclassifier_init,implicit Python constructor dispatch
src_fedsira_evaluation_service_singleprocesstimingworker_measure,src_fedsira_runtime_cudaintervaltimer_init,implicit Python constructor dispatch
src_fedsira_evaluation_service_singleprocesstimingworker_measure,src_fedsira_runtime_elapsedtimer_init,implicit Python constructor dispatch
src_fedsira_experiments_engine_load_prepared_evidence_counts,src_fedsira_experiments_engine_preparedevidenceprovenanceerror_init,implicit Python constructor dispatch
src_fedsira_experiments_execution_execute_experiment,src_fedsira_experiments_engine_executionrecordstore_init,implicit Python constructor dispatch
src_fedsira_experiments_execution_execute_experiment,src_fedsira_runtime_elapsedtimer_init,implicit Python constructor dispatch
src_fedsira_experiments_execution_model_invariants,src_fedsira_learning_model_fedsiraclassifier_init,implicit Python constructor dispatch
src_fedsira_experiments_execution_render_status,src_fedsira_experiments_engine_executionrecordstore_init,implicit Python constructor dispatch
src_fedsira_experiments_handlers_protocolcelldispatch_advance_protocol,src_fedsira_runtime_elapsedtimer_init,implicit Python constructor dispatch
src_fedsira_experiments_handlers_protocolcelldispatch_execute_admission_delay_cell,src_fedsira_runtime_elapsedtimer_init,implicit Python constructor dispatch
src_fedsira_learning_federated_flatten_model_state,src_fedsira_learning_model_fedsiraclassifier_init,implicit Python constructor dispatch
src_fedsira_learning_federated_run_anchor_fedavg_training,src_fedsira_learning_model_fedsiraclassifier_init,implicit Python constructor dispatch
src_fedsira_learning_federated_train_anchor,src_fedsira_learning_model_fedsiraclassifier_init,implicit Python constructor dispatch
src_fedsira_learning_federated_train_anchor,src_fedsira_runtime_elapsedtimer_init,implicit Python constructor dispatch
src_fedsira_learning_federated_train_one_client_locally,src_fedsira_learning_model_fedsiraclassifier_init,implicit Python constructor dispatch
src_fedsira_learning_post_reference_irrelevant_source_class_by_anchor_cross_entropy,src_fedsira_learning_model_fedsiraclassifier_init,implicit Python constructor dispatch
src_fedsira_learning_post_reference_train_centralized_reference_checkpoint,src_fedsira_learning_model_fedsiraclassifier_init,implicit Python constructor dispatch
src_fedsira_learning_post_reference_train_generic_hard_supported_examples_delta,src_fedsira_learning_model_fedsiraclassifier_init,implicit Python constructor dispatch
src_fedsira_learning_post_reference_train_local_only_reference_checkpoint,src_fedsira_learning_model_fedsiraclassifier_init,implicit Python constructor dispatch
src_fedsira_learning_post_reference_train_post_reference_delta,src_fedsira_learning_model_fedsiraclassifier_init,implicit Python constructor dispatch
src_fedsira_learning_training_build_epoch_batches,src_fedsira_learning_training_declaredbatchdataset_init,implicit Python constructor dispatch
src_fedsira_protocol_baselines_defenses_ensemble_predictions_for_domain,src_fedsira_learning_model_fedsiraclassifier_init,implicit Python constructor dispatch
src_fedsira_protocol_baselines_defenses_group_anchor_checkpoint,src_fedsira_learning_model_fedsiraclassifier_init,implicit Python constructor dispatch
src_fedsira_protocol_baselines_defenses_train_certified_ensemble_group_checkpoints,src_fedsira_learning_model_fedsiraclassifier_init,implicit Python constructor dispatch
src_fedsira_protocol_baselines_training_client_delta_from_role,src_fedsira_learning_model_fedsiraclassifier_init,implicit Python constructor dispatch
src_fedsira_protocol_baselines_training_flatten_model_state,src_fedsira_learning_model_fedsiraclassifier_init,implicit Python constructor dispatch
src_fedsira_protocol_baselines_training_train_density_cluster_trimmed_mean_delta,src_fedsira_learning_model_fedsiraclassifier_init,implicit Python constructor dispatch
src_fedsira_protocol_baselines_training_train_krum_reference_delta,src_fedsira_learning_model_fedsiraclassifier_init,implicit Python constructor dispatch
src_fedsira_protocol_baselines_training_train_ordinary_fedavg_delta,src_fedsira_learning_model_fedsiraclassifier_init,implicit Python constructor dispatch
src_fedsira_protocol_baselines_training_train_update_reconstruction_filter_delta,src_fedsira_learning_model_fedsiraclassifier_init,implicit Python constructor dispatch
src_fedsira_reporting_export_execute_bound,src_fedsira_experiments_engine_executionrecordstore_init,implicit Python constructor dispatch
src_fedsira_runtime_raise_operation_timeout,src_fedsira_runtime_operationtimeouterror_init,implicit Python constructor dispatch
src_fedsira_runtime_run_bounded,src_fedsira_runtime_operationtimeouterror_init,implicit Python constructor dispatch
