experiment,artifact management,attacks/baselines,data/roles,evaluation support,execution/workflow,learning,metrics,proposal/opening,protocol state/contracts,reporting,reproduction,shared runtime/application,statistics,synthesis,verification
ADMISSION_DELAY_DECOMPOSITION_NAME,40,101,66,54,150,52,35,20,31,24,14,58,18,4,14
BASELINE_IMPLEMENTATION_VALIDATION_NAME,40,101,66,54,148,52,35,20,26,24,14,58,18,4,14
BYZANTINE_BOUND_VIOLATION_NAME,40,12,62,54,136,50,34,20,26,24,14,58,18,4,14
CAPABILITY_UNDER_SPECIFICATION_BOUNDARY_NAME,40,20,68,58,133,50,44,20,26,24,14,58,21,4,14
COMPROMISED_REPRODUCER_ROBUSTNESS_NAME,40,12,62,54,132,50,34,20,26,24,14,58,18,4,14
COMPROMISED_VERIFIER_ROBUSTNESS_NAME,40,11,62,54,134,50,34,20,26,24,14,58,18,4,14
DATA_AND_DOMAIN_EVIDENCE_VALIDATION_NAME,40,0,28,46,91,0,5,0,2,24,0,52,7,0,0
EFFICIENCY_MEASUREMENT_NAME,41,101,66,55,151,52,35,20,26,24,14,73,18,4,14
EVIDENCE_SCARCITY_AND_DORMANCY_NAME,40,11,62,54,133,50,34,20,36,24,14,58,18,4,14
EXTERNAL_VERIFICATION_NECESSITY_NAME,40,11,62,54,131,50,34,20,26,24,14,58,18,4,14
HETEROGENEOUS_REPRODUCTION_BOUNDARY_NAME,40,20,68,58,133,50,44,20,26,24,14,58,21,4,14
MECHANISM_ABLATION_NAME,40,25,62,54,150,50,38,20,26,24,14,58,18,4,14
PRIMARY_CONFIRMATORY_EVALUATION_NAME,40,101,66,54,149,52,35,20,26,24,14,58,18,4,14
PROPOSAL_ASSISTED_OPENING_NECESSITY_NAME,40,11,62,54,133,50,37,20,26,24,14,58,18,4,14
PROTOCOL_INVARIANT_VALIDATION_NAME,41,2,28,46,102,21,7,0,8,24,1,55,7,3,2
SECONDARY_DATASET_GENERALIZATION_NAME,40,11,62,54,131,50,34,20,26,24,14,58,18,4,14
SHARED_EPISTEMIC_FAILURE_BOUNDARY_NAME,40,20,68,58,133,50,44,20,26,24,14,58,21,4,14
SINGLE_REPRODUCTION_NECESSITY_NAME,40,11,62,54,131,50,35,20,26,24,14,58,18,4,14
SOURCE_ARTIFACT_EXCLUSION_NECESSITY_NAME,40,18,62,54,133,50,35,20,27,24,14,58,18,5,14
