experiment_a,experiment_b,callables_a,callables_b,pairwise_shared_callables,shared_prefix_callables,shared_handler_tail_callables,union_callables,jaccard_overlap
ADMISSION_DELAY_DECOMPOSITION_NAME,BASELINE_IMPLEMENTATION_VALIDATION_NAME,681,674,674,270,404,681,0.9897209985315712
ADMISSION_DELAY_DECOMPOSITION_NAME,BYZANTINE_BOUND_VIOLATION_NAME,681,566,559,270,289,688,0.8125
ADMISSION_DELAY_DECOMPOSITION_NAME,CAPABILITY_UNDER_SPECIFICATION_BOUNDARY_NAME,681,594,570,270,300,705,0.8085106382978723
ADMISSION_DELAY_DECOMPOSITION_NAME,COMPROMISED_REPRODUCER_ROBUSTNESS_NAME,681,562,559,270,289,684,0.8172514619883041
ADMISSION_DELAY_DECOMPOSITION_NAME,COMPROMISED_VERIFIER_ROBUSTNESS_NAME,681,563,559,270,289,685,0.8160583941605839
ADMISSION_DELAY_DECOMPOSITION_NAME,DATA_AND_DOMAIN_EVIDENCE_VALIDATION_NAME,681,295,275,270,5,701,0.39229671897289586
ADMISSION_DELAY_DECOMPOSITION_NAME,EFFICIENCY_MEASUREMENT_NAME,681,694,674,270,404,701,0.9614835948644793
ADMISSION_DELAY_DECOMPOSITION_NAME,EVIDENCE_SCARCITY_AND_DORMANCY_NAME,681,572,565,270,295,688,0.8212209302325582
ADMISSION_DELAY_DECOMPOSITION_NAME,EXTERNAL_VERIFICATION_NECESSITY_NAME,681,560,559,270,289,682,0.8196480938416423
ADMISSION_DELAY_DECOMPOSITION_NAME,HETEROGENEOUS_REPRODUCTION_BOUNDARY_NAME,681,594,570,270,300,705,0.8085106382978723
ADMISSION_DELAY_DECOMPOSITION_NAME,MECHANISM_ABLATION_NAME,681,597,571,270,301,707,0.8076379066478077
ADMISSION_DELAY_DECOMPOSITION_NAME,PRIMARY_CONFIRMATORY_EVALUATION_NAME,681,675,674,270,404,682,0.9882697947214076
ADMISSION_DELAY_DECOMPOSITION_NAME,PROPOSAL_ASSISTED_OPENING_NECESSITY_NAME,681,565,559,270,289,687,0.8136826783114993
ADMISSION_DELAY_DECOMPOSITION_NAME,PROTOCOL_INVARIANT_VALIDATION_NAME,681,347,311,270,41,717,0.43375174337517436
ADMISSION_DELAY_DECOMPOSITION_NAME,SECONDARY_DATASET_GENERALIZATION_NAME,681,560,559,270,289,682,0.8196480938416423
ADMISSION_DELAY_DECOMPOSITION_NAME,SHARED_EPISTEMIC_FAILURE_BOUNDARY_NAME,681,594,570,270,300,705,0.8085106382978723
ADMISSION_DELAY_DECOMPOSITION_NAME,SINGLE_REPRODUCTION_NECESSITY_NAME,681,561,559,270,289,683,0.8184480234260615
ADMISSION_DELAY_DECOMPOSITION_NAME,SOURCE_ARTIFACT_EXCLUSION_NECESSITY_NAME,681,572,568,270,298,685,0.8291970802919708
BASELINE_IMPLEMENTATION_VALIDATION_NAME,BYZANTINE_BOUND_VIOLATION_NAME,674,566,559,270,289,681,0.8208516886930984
BASELINE_IMPLEMENTATION_VALIDATION_NAME,CAPABILITY_UNDER_SPECIFICATION_BOUNDARY_NAME,674,594,570,270,300,698,0.8166189111747851
BASELINE_IMPLEMENTATION_VALIDATION_NAME,COMPROMISED_REPRODUCER_ROBUSTNESS_NAME,674,562,559,270,289,677,0.8257016248153619
BASELINE_IMPLEMENTATION_VALIDATION_NAME,COMPROMISED_VERIFIER_ROBUSTNESS_NAME,674,563,559,270,289,678,0.8244837758112095
BASELINE_IMPLEMENTATION_VALIDATION_NAME,DATA_AND_DOMAIN_EVIDENCE_VALIDATION_NAME,674,295,275,270,5,694,0.3962536023054755
BASELINE_IMPLEMENTATION_VALIDATION_NAME,EFFICIENCY_MEASUREMENT_NAME,674,694,674,270,404,694,0.9711815561959655
BASELINE_IMPLEMENTATION_VALIDATION_NAME,EVIDENCE_SCARCITY_AND_DORMANCY_NAME,674,572,559,270,289,687,0.8136826783114993
BASELINE_IMPLEMENTATION_VALIDATION_NAME,EXTERNAL_VERIFICATION_NECESSITY_NAME,674,560,559,270,289,675,0.8281481481481482
BASELINE_IMPLEMENTATION_VALIDATION_NAME,HETEROGENEOUS_REPRODUCTION_BOUNDARY_NAME,674,594,570,270,300,698,0.8166189111747851
BASELINE_IMPLEMENTATION_VALIDATION_NAME,MECHANISM_ABLATION_NAME,674,597,571,270,301,700,0.8157142857142857
BASELINE_IMPLEMENTATION_VALIDATION_NAME,PRIMARY_CONFIRMATORY_EVALUATION_NAME,674,675,674,270,404,675,0.9985185185185185
BASELINE_IMPLEMENTATION_VALIDATION_NAME,PROPOSAL_ASSISTED_OPENING_NECESSITY_NAME,674,565,559,270,289,680,0.8220588235294117
BASELINE_IMPLEMENTATION_VALIDATION_NAME,PROTOCOL_INVARIANT_VALIDATION_NAME,674,347,311,270,41,710,0.43802816901408453
BASELINE_IMPLEMENTATION_VALIDATION_NAME,SECONDARY_DATASET_GENERALIZATION_NAME,674,560,559,270,289,675,0.8281481481481482
BASELINE_IMPLEMENTATION_VALIDATION_NAME,SHARED_EPISTEMIC_FAILURE_BOUNDARY_NAME,674,594,570,270,300,698,0.8166189111747851
BASELINE_IMPLEMENTATION_VALIDATION_NAME,SINGLE_REPRODUCTION_NECESSITY_NAME,674,561,559,270,289,676,0.8269230769230769
BASELINE_IMPLEMENTATION_VALIDATION_NAME,SOURCE_ARTIFACT_EXCLUSION_NECESSITY_NAME,674,572,568,270,298,678,0.8377581120943953
BYZANTINE_BOUND_VIOLATION_NAME,CAPABILITY_UNDER_SPECIFICATION_BOUNDARY_NAME,566,594,559,270,289,601,0.930116472545757
BYZANTINE_BOUND_VIOLATION_NAME,COMPROMISED_REPRODUCER_ROBUSTNESS_NAME,566,562,562,270,292,566,0.9929328621908127
BYZANTINE_BOUND_VIOLATION_NAME,COMPROMISED_VERIFIER_ROBUSTNESS_NAME,566,563,563,270,293,566,0.9946996466431095
BYZANTINE_BOUND_VIOLATION_NAME,DATA_AND_DOMAIN_EVIDENCE_VALIDATION_NAME,566,295,275,270,5,586,0.46928327645051193
BYZANTINE_BOUND_VIOLATION_NAME,EFFICIENCY_MEASUREMENT_NAME,566,694,559,270,289,701,0.797432239657632
BYZANTINE_BOUND_VIOLATION_NAME,EVIDENCE_SCARCITY_AND_DORMANCY_NAME,566,572,559,270,289,579,0.9654576856649395
BYZANTINE_BOUND_VIOLATION_NAME,EXTERNAL_VERIFICATION_NECESSITY_NAME,566,560,559,270,289,567,0.9858906525573192
BYZANTINE_BOUND_VIOLATION_NAME,HETEROGENEOUS_REPRODUCTION_BOUNDARY_NAME,566,594,559,270,289,601,0.930116472545757
BYZANTINE_BOUND_VIOLATION_NAME,MECHANISM_ABLATION_NAME,566,597,563,270,293,600,0.9383333333333334
BYZANTINE_BOUND_VIOLATION_NAME,PRIMARY_CONFIRMATORY_EVALUATION_NAME,566,675,559,270,289,682,0.8196480938416423
BYZANTINE_BOUND_VIOLATION_NAME,PROPOSAL_ASSISTED_OPENING_NECESSITY_NAME,566,565,559,270,289,572,0.9772727272727273
BYZANTINE_BOUND_VIOLATION_NAME,PROTOCOL_INVARIANT_VALIDATION_NAME,566,347,310,270,40,603,0.5140961857379768
BYZANTINE_BOUND_VIOLATION_NAME,SECONDARY_DATASET_GENERALIZATION_NAME,566,560,559,270,289,567,0.9858906525573192
BYZANTINE_BOUND_VIOLATION_NAME,SHARED_EPISTEMIC_FAILURE_BOUNDARY_NAME,566,594,559,270,289,601,0.930116472545757
BYZANTINE_BOUND_VIOLATION_NAME,SINGLE_REPRODUCTION_NECESSITY_NAME,566,561,559,270,289,568,0.9841549295774648
BYZANTINE_BOUND_VIOLATION_NAME,SOURCE_ARTIFACT_EXCLUSION_NECESSITY_NAME,566,572,559,270,289,579,0.9654576856649395
CAPABILITY_UNDER_SPECIFICATION_BOUNDARY_NAME,COMPROMISED_REPRODUCER_ROBUSTNESS_NAME,594,562,559,270,289,597,0.9363484087102177
CAPABILITY_UNDER_SPECIFICATION_BOUNDARY_NAME,COMPROMISED_VERIFIER_ROBUSTNESS_NAME,594,563,559,270,289,598,0.9347826086956522
CAPABILITY_UNDER_SPECIFICATION_BOUNDARY_NAME,DATA_AND_DOMAIN_EVIDENCE_VALIDATION_NAME,594,295,275,270,5,614,0.44788273615635177
CAPABILITY_UNDER_SPECIFICATION_BOUNDARY_NAME,EFFICIENCY_MEASUREMENT_NAME,594,694,570,270,300,718,0.7938718662952646
CAPABILITY_UNDER_SPECIFICATION_BOUNDARY_NAME,EVIDENCE_SCARCITY_AND_DORMANCY_NAME,594,572,559,270,289,607,0.9209225700164745
CAPABILITY_UNDER_SPECIFICATION_BOUNDARY_NAME,EXTERNAL_VERIFICATION_NECESSITY_NAME,594,560,559,270,289,595,0.9394957983193277
CAPABILITY_UNDER_SPECIFICATION_BOUNDARY_NAME,HETEROGENEOUS_REPRODUCTION_BOUNDARY_NAME,594,594,594,270,324,594,1.0
CAPABILITY_UNDER_SPECIFICATION_BOUNDARY_NAME,MECHANISM_ABLATION_NAME,594,597,562,270,292,629,0.8934817170111288
CAPABILITY_UNDER_SPECIFICATION_BOUNDARY_NAME,PRIMARY_CONFIRMATORY_EVALUATION_NAME,594,675,570,270,300,699,0.8154506437768241
CAPABILITY_UNDER_SPECIFICATION_BOUNDARY_NAME,PROPOSAL_ASSISTED_OPENING_NECESSITY_NAME,594,565,559,270,289,600,0.9316666666666666
CAPABILITY_UNDER_SPECIFICATION_BOUNDARY_NAME,PROTOCOL_INVARIANT_VALIDATION_NAME,594,347,310,270,40,631,0.49128367670364503
CAPABILITY_UNDER_SPECIFICATION_BOUNDARY_NAME,SECONDARY_DATASET_GENERALIZATION_NAME,594,560,559,270,289,595,0.9394957983193277
CAPABILITY_UNDER_SPECIFICATION_BOUNDARY_NAME,SHARED_EPISTEMIC_FAILURE_BOUNDARY_NAME,594,594,594,270,324,594,1.0
CAPABILITY_UNDER_SPECIFICATION_BOUNDARY_NAME,SINGLE_REPRODUCTION_NECESSITY_NAME,594,561,559,270,289,596,0.9379194630872483
CAPABILITY_UNDER_SPECIFICATION_BOUNDARY_NAME,SOURCE_ARTIFACT_EXCLUSION_NECESSITY_NAME,594,572,560,270,290,606,0.9240924092409241
COMPROMISED_REPRODUCER_ROBUSTNESS_NAME,COMPROMISED_VERIFIER_ROBUSTNESS_NAME,562,563,560,270,290,565,0.9911504424778761
COMPROMISED_REPRODUCER_ROBUSTNESS_NAME,DATA_AND_DOMAIN_EVIDENCE_VALIDATION_NAME,562,295,275,270,5,582,0.4725085910652921
COMPROMISED_REPRODUCER_ROBUSTNESS_NAME,EFFICIENCY_MEASUREMENT_NAME,562,694,559,270,289,697,0.8020086083213773
COMPROMISED_REPRODUCER_ROBUSTNESS_NAME,EVIDENCE_SCARCITY_AND_DORMANCY_NAME,562,572,559,270,289,575,0.9721739130434782
COMPROMISED_REPRODUCER_ROBUSTNESS_NAME,EXTERNAL_VERIFICATION_NECESSITY_NAME,562,560,559,270,289,563,0.9928952042628775
COMPROMISED_REPRODUCER_ROBUSTNESS_NAME,HETEROGENEOUS_REPRODUCTION_BOUNDARY_NAME,562,594,559,270,289,597,0.9363484087102177
COMPROMISED_REPRODUCER_ROBUSTNESS_NAME,MECHANISM_ABLATION_NAME,562,597,560,270,290,599,0.9348914858096828
COMPROMISED_REPRODUCER_ROBUSTNESS_NAME,PRIMARY_CONFIRMATORY_EVALUATION_NAME,562,675,559,270,289,678,0.8244837758112095
COMPROMISED_REPRODUCER_ROBUSTNESS_NAME,PROPOSAL_ASSISTED_OPENING_NECESSITY_NAME,562,565,559,270,289,568,0.9841549295774648
COMPROMISED_REPRODUCER_ROBUSTNESS_NAME,PROTOCOL_INVARIANT_VALIDATION_NAME,562,347,310,270,40,599,0.5175292153589316
COMPROMISED_REPRODUCER_ROBUSTNESS_NAME,SECONDARY_DATASET_GENERALIZATION_NAME,562,560,559,270,289,563,0.9928952042628775
COMPROMISED_REPRODUCER_ROBUSTNESS_NAME,SHARED_EPISTEMIC_FAILURE_BOUNDARY_NAME,562,594,559,270,289,597,0.9363484087102177
COMPROMISED_REPRODUCER_ROBUSTNESS_NAME,SINGLE_REPRODUCTION_NECESSITY_NAME,562,561,559,270,289,564,0.9911347517730497
COMPROMISED_REPRODUCER_ROBUSTNESS_NAME,SOURCE_ARTIFACT_EXCLUSION_NECESSITY_NAME,562,572,559,270,289,575,0.9721739130434782
COMPROMISED_VERIFIER_ROBUSTNESS_NAME,DATA_AND_DOMAIN_EVIDENCE_VALIDATION_NAME,563,295,275,270,5,583,0.4716981132075472
COMPROMISED_VERIFIER_ROBUSTNESS_NAME,EFFICIENCY_MEASUREMENT_NAME,563,694,559,270,289,698,0.8008595988538681
COMPROMISED_VERIFIER_ROBUSTNESS_NAME,EVIDENCE_SCARCITY_AND_DORMANCY_NAME,563,572,559,270,289,576,0.9704861111111112
COMPROMISED_VERIFIER_ROBUSTNESS_NAME,EXTERNAL_VERIFICATION_NECESSITY_NAME,563,560,559,270,289,564,0.9911347517730497
COMPROMISED_VERIFIER_ROBUSTNESS_NAME,HETEROGENEOUS_REPRODUCTION_BOUNDARY_NAME,563,594,559,270,289,598,0.9347826086956522
COMPROMISED_VERIFIER_ROBUSTNESS_NAME,MECHANISM_ABLATION_NAME,563,597,563,270,293,597,0.9430485762144054
COMPROMISED_VERIFIER_ROBUSTNESS_NAME,PRIMARY_CONFIRMATORY_EVALUATION_NAME,563,675,559,270,289,679,0.8232695139911634
COMPROMISED_VERIFIER_ROBUSTNESS_NAME,PROPOSAL_ASSISTED_OPENING_NECESSITY_NAME,563,565,559,270,289,569,0.9824253075571178
COMPROMISED_VERIFIER_ROBUSTNESS_NAME,PROTOCOL_INVARIANT_VALIDATION_NAME,563,347,310,270,40,600,0.5166666666666667
COMPROMISED_VERIFIER_ROBUSTNESS_NAME,SECONDARY_DATASET_GENERALIZATION_NAME,563,560,559,270,289,564,0.9911347517730497
COMPROMISED_VERIFIER_ROBUSTNESS_NAME,SHARED_EPISTEMIC_FAILURE_BOUNDARY_NAME,563,594,559,270,289,598,0.9347826086956522
COMPROMISED_VERIFIER_ROBUSTNESS_NAME,SINGLE_REPRODUCTION_NECESSITY_NAME,563,561,559,270,289,565,0.9893805309734514
COMPROMISED_VERIFIER_ROBUSTNESS_NAME,SOURCE_ARTIFACT_EXCLUSION_NECESSITY_NAME,563,572,559,270,289,576,0.9704861111111112
DATA_AND_DOMAIN_EVIDENCE_VALIDATION_NAME,EFFICIENCY_MEASUREMENT_NAME,295,694,275,270,5,714,0.3851540616246499
DATA_AND_DOMAIN_EVIDENCE_VALIDATION_NAME,EVIDENCE_SCARCITY_AND_DORMANCY_NAME,295,572,275,270,5,592,0.46452702702702703
DATA_AND_DOMAIN_EVIDENCE_VALIDATION_NAME,EXTERNAL_VERIFICATION_NECESSITY_NAME,295,560,275,270,5,580,0.47413793103448276
DATA_AND_DOMAIN_EVIDENCE_VALIDATION_NAME,HETEROGENEOUS_REPRODUCTION_BOUNDARY_NAME,295,594,275,270,5,614,0.44788273615635177
DATA_AND_DOMAIN_EVIDENCE_VALIDATION_NAME,MECHANISM_ABLATION_NAME,295,597,275,270,5,617,0.44570502431118314
DATA_AND_DOMAIN_EVIDENCE_VALIDATION_NAME,PRIMARY_CONFIRMATORY_EVALUATION_NAME,295,675,275,270,5,695,0.39568345323741005
DATA_AND_DOMAIN_EVIDENCE_VALIDATION_NAME,PROPOSAL_ASSISTED_OPENING_NECESSITY_NAME,295,565,275,270,5,585,0.4700854700854701
DATA_AND_DOMAIN_EVIDENCE_VALIDATION_NAME,PROTOCOL_INVARIANT_VALIDATION_NAME,295,347,293,270,23,349,0.839541547277937
DATA_AND_DOMAIN_EVIDENCE_VALIDATION_NAME,SECONDARY_DATASET_GENERALIZATION_NAME,295,560,275,270,5,580,0.47413793103448276
DATA_AND_DOMAIN_EVIDENCE_VALIDATION_NAME,SHARED_EPISTEMIC_FAILURE_BOUNDARY_NAME,295,594,275,270,5,614,0.44788273615635177
DATA_AND_DOMAIN_EVIDENCE_VALIDATION_NAME,SINGLE_REPRODUCTION_NECESSITY_NAME,295,561,275,270,5,581,0.47332185886402756
DATA_AND_DOMAIN_EVIDENCE_VALIDATION_NAME,SOURCE_ARTIFACT_EXCLUSION_NECESSITY_NAME,295,572,275,270,5,592,0.46452702702702703
EFFICIENCY_MEASUREMENT_NAME,EVIDENCE_SCARCITY_AND_DORMANCY_NAME,694,572,559,270,289,707,0.7906647807637907
EFFICIENCY_MEASUREMENT_NAME,EXTERNAL_VERIFICATION_NECESSITY_NAME,694,560,559,270,289,695,0.8043165467625899
EFFICIENCY_MEASUREMENT_NAME,HETEROGENEOUS_REPRODUCTION_BOUNDARY_NAME,694,594,570,270,300,718,0.7938718662952646
EFFICIENCY_MEASUREMENT_NAME,MECHANISM_ABLATION_NAME,694,597,571,270,301,720,0.7930555555555555
EFFICIENCY_MEASUREMENT_NAME,PRIMARY_CONFIRMATORY_EVALUATION_NAME,694,675,674,270,404,695,0.9697841726618706
EFFICIENCY_MEASUREMENT_NAME,PROPOSAL_ASSISTED_OPENING_NECESSITY_NAME,694,565,559,270,289,700,0.7985714285714286
EFFICIENCY_MEASUREMENT_NAME,PROTOCOL_INVARIANT_VALIDATION_NAME,694,347,311,270,41,730,0.426027397260274
EFFICIENCY_MEASUREMENT_NAME,SECONDARY_DATASET_GENERALIZATION_NAME,694,560,559,270,289,695,0.8043165467625899
EFFICIENCY_MEASUREMENT_NAME,SHARED_EPISTEMIC_FAILURE_BOUNDARY_NAME,694,594,570,270,300,718,0.7938718662952646
EFFICIENCY_MEASUREMENT_NAME,SINGLE_REPRODUCTION_NECESSITY_NAME,694,561,559,270,289,696,0.8031609195402298
EFFICIENCY_MEASUREMENT_NAME,SOURCE_ARTIFACT_EXCLUSION_NECESSITY_NAME,694,572,568,270,298,698,0.8137535816618912
EVIDENCE_SCARCITY_AND_DORMANCY_NAME,EXTERNAL_VERIFICATION_NECESSITY_NAME,572,560,559,270,289,573,0.9755671902268761
EVIDENCE_SCARCITY_AND_DORMANCY_NAME,HETEROGENEOUS_REPRODUCTION_BOUNDARY_NAME,572,594,559,270,289,607,0.9209225700164745
EVIDENCE_SCARCITY_AND_DORMANCY_NAME,MECHANISM_ABLATION_NAME,572,597,559,270,289,610,0.9163934426229509
EVIDENCE_SCARCITY_AND_DORMANCY_NAME,PRIMARY_CONFIRMATORY_EVALUATION_NAME,572,675,559,270,289,688,0.8125
EVIDENCE_SCARCITY_AND_DORMANCY_NAME,PROPOSAL_ASSISTED_OPENING_NECESSITY_NAME,572,565,559,270,289,578,0.967128027681661
EVIDENCE_SCARCITY_AND_DORMANCY_NAME,PROTOCOL_INVARIANT_VALIDATION_NAME,572,347,310,270,40,609,0.5090311986863711
EVIDENCE_SCARCITY_AND_DORMANCY_NAME,SECONDARY_DATASET_GENERALIZATION_NAME,572,560,559,270,289,573,0.9755671902268761
EVIDENCE_SCARCITY_AND_DORMANCY_NAME,SHARED_EPISTEMIC_FAILURE_BOUNDARY_NAME,572,594,559,270,289,607,0.9209225700164745
EVIDENCE_SCARCITY_AND_DORMANCY_NAME,SINGLE_REPRODUCTION_NECESSITY_NAME,572,561,559,270,289,574,0.9738675958188153
EVIDENCE_SCARCITY_AND_DORMANCY_NAME,SOURCE_ARTIFACT_EXCLUSION_NECESSITY_NAME,572,572,559,270,289,585,0.9555555555555556
EXTERNAL_VERIFICATION_NECESSITY_NAME,HETEROGENEOUS_REPRODUCTION_BOUNDARY_NAME,560,594,559,270,289,595,0.9394957983193277
EXTERNAL_VERIFICATION_NECESSITY_NAME,MECHANISM_ABLATION_NAME,560,597,559,270,289,598,0.9347826086956522
EXTERNAL_VERIFICATION_NECESSITY_NAME,PRIMARY_CONFIRMATORY_EVALUATION_NAME,560,675,559,270,289,676,0.8269230769230769
EXTERNAL_VERIFICATION_NECESSITY_NAME,PROPOSAL_ASSISTED_OPENING_NECESSITY_NAME,560,565,559,270,289,566,0.9876325088339223
EXTERNAL_VERIFICATION_NECESSITY_NAME,PROTOCOL_INVARIANT_VALIDATION_NAME,560,347,310,270,40,597,0.5192629815745393
EXTERNAL_VERIFICATION_NECESSITY_NAME,SECONDARY_DATASET_GENERALIZATION_NAME,560,560,559,270,289,561,0.9964349376114082
EXTERNAL_VERIFICATION_NECESSITY_NAME,SHARED_EPISTEMIC_FAILURE_BOUNDARY_NAME,560,594,559,270,289,595,0.9394957983193277
EXTERNAL_VERIFICATION_NECESSITY_NAME,SINGLE_REPRODUCTION_NECESSITY_NAME,560,561,559,270,289,562,0.994661921708185
EXTERNAL_VERIFICATION_NECESSITY_NAME,SOURCE_ARTIFACT_EXCLUSION_NECESSITY_NAME,560,572,559,270,289,573,0.9755671902268761
HETEROGENEOUS_REPRODUCTION_BOUNDARY_NAME,MECHANISM_ABLATION_NAME,594,597,562,270,292,629,0.8934817170111288
HETEROGENEOUS_REPRODUCTION_BOUNDARY_NAME,PRIMARY_CONFIRMATORY_EVALUATION_NAME,594,675,570,270,300,699,0.8154506437768241
HETEROGENEOUS_REPRODUCTION_BOUNDARY_NAME,PROPOSAL_ASSISTED_OPENING_NECESSITY_NAME,594,565,559,270,289,600,0.9316666666666666
HETEROGENEOUS_REPRODUCTION_BOUNDARY_NAME,PROTOCOL_INVARIANT_VALIDATION_NAME,594,347,310,270,40,631,0.49128367670364503
HETEROGENEOUS_REPRODUCTION_BOUNDARY_NAME,SECONDARY_DATASET_GENERALIZATION_NAME,594,560,559,270,289,595,0.9394957983193277
HETEROGENEOUS_REPRODUCTION_BOUNDARY_NAME,SHARED_EPISTEMIC_FAILURE_BOUNDARY_NAME,594,594,594,270,324,594,1.0
HETEROGENEOUS_REPRODUCTION_BOUNDARY_NAME,SINGLE_REPRODUCTION_NECESSITY_NAME,594,561,559,270,289,596,0.9379194630872483
HETEROGENEOUS_REPRODUCTION_BOUNDARY_NAME,SOURCE_ARTIFACT_EXCLUSION_NECESSITY_NAME,594,572,560,270,290,606,0.9240924092409241
MECHANISM_ABLATION_NAME,PRIMARY_CONFIRMATORY_EVALUATION_NAME,597,675,571,270,301,701,0.8145506419400856
MECHANISM_ABLATION_NAME,PROPOSAL_ASSISTED_OPENING_NECESSITY_NAME,597,565,565,270,295,597,0.9463986599664992
MECHANISM_ABLATION_NAME,PROTOCOL_INVARIANT_VALIDATION_NAME,597,347,310,270,40,634,0.4889589905362776
MECHANISM_ABLATION_NAME,SECONDARY_DATASET_GENERALIZATION_NAME,597,560,559,270,289,598,0.9347826086956522
MECHANISM_ABLATION_NAME,SHARED_EPISTEMIC_FAILURE_BOUNDARY_NAME,597,594,562,270,292,629,0.8934817170111288
MECHANISM_ABLATION_NAME,SINGLE_REPRODUCTION_NECESSITY_NAME,597,561,560,270,290,598,0.9364548494983278
MECHANISM_ABLATION_NAME,SOURCE_ARTIFACT_EXCLUSION_NECESSITY_NAME,597,572,568,270,298,601,0.9450915141430949
PRIMARY_CONFIRMATORY_EVALUATION_NAME,PROPOSAL_ASSISTED_OPENING_NECESSITY_NAME,675,565,559,270,289,681,0.8208516886930984
PRIMARY_CONFIRMATORY_EVALUATION_NAME,PROTOCOL_INVARIANT_VALIDATION_NAME,675,347,311,270,41,711,0.43741209563994377
PRIMARY_CONFIRMATORY_EVALUATION_NAME,SECONDARY_DATASET_GENERALIZATION_NAME,675,560,559,270,289,676,0.8269230769230769
PRIMARY_CONFIRMATORY_EVALUATION_NAME,SHARED_EPISTEMIC_FAILURE_BOUNDARY_NAME,675,594,570,270,300,699,0.8154506437768241
PRIMARY_CONFIRMATORY_EVALUATION_NAME,SINGLE_REPRODUCTION_NECESSITY_NAME,675,561,559,270,289,677,0.8257016248153619
PRIMARY_CONFIRMATORY_EVALUATION_NAME,SOURCE_ARTIFACT_EXCLUSION_NECESSITY_NAME,675,572,568,270,298,679,0.8365243004418262
PROPOSAL_ASSISTED_OPENING_NECESSITY_NAME,PROTOCOL_INVARIANT_VALIDATION_NAME,565,347,310,270,40,602,0.5149501661129569
PROPOSAL_ASSISTED_OPENING_NECESSITY_NAME,SECONDARY_DATASET_GENERALIZATION_NAME,565,560,559,270,289,566,0.9876325088339223
PROPOSAL_ASSISTED_OPENING_NECESSITY_NAME,SHARED_EPISTEMIC_FAILURE_BOUNDARY_NAME,565,594,559,270,289,600,0.9316666666666666
PROPOSAL_ASSISTED_OPENING_NECESSITY_NAME,SINGLE_REPRODUCTION_NECESSITY_NAME,565,561,560,270,290,566,0.9893992932862191
PROPOSAL_ASSISTED_OPENING_NECESSITY_NAME,SOURCE_ARTIFACT_EXCLUSION_NECESSITY_NAME,565,572,559,270,289,578,0.967128027681661
PROTOCOL_INVARIANT_VALIDATION_NAME,SECONDARY_DATASET_GENERALIZATION_NAME,347,560,310,270,40,597,0.5192629815745393
PROTOCOL_INVARIANT_VALIDATION_NAME,SHARED_EPISTEMIC_FAILURE_BOUNDARY_NAME,347,594,310,270,40,631,0.49128367670364503
PROTOCOL_INVARIANT_VALIDATION_NAME,SINGLE_REPRODUCTION_NECESSITY_NAME,347,561,310,270,40,598,0.5183946488294314
PROTOCOL_INVARIANT_VALIDATION_NAME,SOURCE_ARTIFACT_EXCLUSION_NECESSITY_NAME,347,572,311,270,41,608,0.5115131578947368
SECONDARY_DATASET_GENERALIZATION_NAME,SHARED_EPISTEMIC_FAILURE_BOUNDARY_NAME,560,594,559,270,289,595,0.9394957983193277
SECONDARY_DATASET_GENERALIZATION_NAME,SINGLE_REPRODUCTION_NECESSITY_NAME,560,561,559,270,289,562,0.994661921708185
SECONDARY_DATASET_GENERALIZATION_NAME,SOURCE_ARTIFACT_EXCLUSION_NECESSITY_NAME,560,572,559,270,289,573,0.9755671902268761
SHARED_EPISTEMIC_FAILURE_BOUNDARY_NAME,SINGLE_REPRODUCTION_NECESSITY_NAME,594,561,559,270,289,596,0.9379194630872483
SHARED_EPISTEMIC_FAILURE_BOUNDARY_NAME,SOURCE_ARTIFACT_EXCLUSION_NECESSITY_NAME,594,572,560,270,290,606,0.9240924092409241
SINGLE_REPRODUCTION_NECESSITY_NAME,SOURCE_ARTIFACT_EXCLUSION_NECESSITY_NAME,561,572,559,270,289,574,0.9738675958188153
