experiment,metrics_required,required_metric_artifacts,required_tables,required_figures,table_producers,figure_producers
Data and Domain Evidence Validation,True,cell-metrics.parquet;seed-metrics.parquet;aggregate-metrics.parquet,Cell Metrics,FedSIRA Protocol Schematic,tables.render_experiment_cell_metrics_table,figures.render_protocol_schematic
Protocol Invariant Validation,True,cell-metrics.parquet;seed-metrics.parquet;aggregate-metrics.parquet,Cell Metrics,FedSIRA Protocol Schematic,tables.render_experiment_cell_metrics_table,figures.render_protocol_schematic
Baseline Implementation Validation,True,cell-metrics.parquet;seed-metrics.parquet;aggregate-metrics.parquet,Cell Metrics,FedSIRA Protocol Schematic,tables.render_experiment_cell_metrics_table,figures.render_protocol_schematic
Proposal-Assisted Opening Necessity,True,cell-metrics.parquet;seed-metrics.parquet;aggregate-metrics.parquet,Cell Metrics,FedSIRA Protocol Schematic;Collapse Decision Effects,tables.render_experiment_cell_metrics_table,figures.render_protocol_schematic;figures.render_collapse_decision_effects
Single-Reproduction Necessity,True,cell-metrics.parquet;seed-metrics.parquet;aggregate-metrics.parquet,Cell Metrics,FedSIRA Protocol Schematic;Collapse Decision Effects,tables.render_experiment_cell_metrics_table,figures.render_protocol_schematic;figures.render_collapse_decision_effects
Source-Artifact Exclusion Necessity,True,cell-metrics.parquet;seed-metrics.parquet;aggregate-metrics.parquet,Cell Metrics,FedSIRA Protocol Schematic;Useful Backdoored Source;Collapse Decision Effects,tables.render_experiment_cell_metrics_table,figures.render_protocol_schematic;figures.render_useful_backdoored_source;figures.render_collapse_decision_effects
External Verification Necessity,True,cell-metrics.parquet;seed-metrics.parquet;aggregate-metrics.parquet,Cell Metrics,FedSIRA Protocol Schematic;Collapse Decision Effects,tables.render_experiment_cell_metrics_table,figures.render_protocol_schematic;figures.render_collapse_decision_effects
Primary Confirmatory Evaluation,True,cell-metrics.parquet;seed-metrics.parquet;aggregate-metrics.parquet,Cell Metrics,FedSIRA Protocol Schematic;Primary Security-Utility Tradeoff,tables.render_experiment_cell_metrics_table,figures.render_protocol_schematic;figures.render_security_utility_tradeoff
Mechanism Ablation,True,cell-metrics.parquet;seed-metrics.parquet;aggregate-metrics.parquet,Cell Metrics,FedSIRA Protocol Schematic,tables.render_experiment_cell_metrics_table,figures.render_protocol_schematic
Compromised-Reproducer Robustness,True,cell-metrics.parquet;seed-metrics.parquet;aggregate-metrics.parquet,Cell Metrics,FedSIRA Protocol Schematic;Compromised-Reproducer Boundary,tables.render_experiment_cell_metrics_table,figures.render_protocol_schematic;figures.render_compromised_reproducer_boundary
Compromised-Verifier Robustness,True,cell-metrics.parquet;seed-metrics.parquet;aggregate-metrics.parquet,Cell Metrics,FedSIRA Protocol Schematic;Compromised-Verifier Boundary,tables.render_experiment_cell_metrics_table,figures.render_protocol_schematic;figures.render_compromised_verifier_boundary
Byzantine-Bound Violation,True,cell-metrics.parquet;seed-metrics.parquet;aggregate-metrics.parquet,Cell Metrics,FedSIRA Protocol Schematic,tables.render_experiment_cell_metrics_table,figures.render_protocol_schematic
Evidence Scarcity and Dormancy,True,cell-metrics.parquet;seed-metrics.parquet;aggregate-metrics.parquet;state-trajectory.parquet,Cell Metrics,FedSIRA Protocol Schematic;Evidence-Arrival State Trajectory,tables.render_experiment_cell_metrics_table,figures.render_protocol_schematic;figures.render_evidence_arrival_trajectory
Shared Epistemic-Failure Boundary,True,cell-metrics.parquet;seed-metrics.parquet;aggregate-metrics.parquet,Cell Metrics,FedSIRA Protocol Schematic;Shared Epistemic Failure,tables.render_experiment_cell_metrics_table,figures.render_protocol_schematic;figures.render_shared_epistemic_failure
Capability Under-Specification Boundary,True,cell-metrics.parquet;seed-metrics.parquet;aggregate-metrics.parquet,Cell Metrics,FedSIRA Protocol Schematic;Capability-Granularity Boundary,tables.render_experiment_cell_metrics_table,figures.render_protocol_schematic;figures.render_capability_granularity_boundary
Heterogeneous-Reproduction Boundary,True,cell-metrics.parquet;seed-metrics.parquet;aggregate-metrics.parquet,Cell Metrics,FedSIRA Protocol Schematic;Heterogeneity Synthesis Boundary,tables.render_experiment_cell_metrics_table,figures.render_protocol_schematic;figures.render_heterogeneity_synthesis_boundary
Admission-Delay Decomposition,True,cell-metrics.parquet;seed-metrics.parquet;aggregate-metrics.parquet,Cell Metrics,FedSIRA Protocol Schematic;Admission-Delay Decomposition,tables.render_experiment_cell_metrics_table,figures.render_protocol_schematic;figures.render_admission_delay_decomposition
Efficiency Measurement,True,cell-metrics.parquet;seed-metrics.parquet;aggregate-metrics.parquet,Cell Metrics,FedSIRA Protocol Schematic;Efficiency Profile,tables.render_experiment_cell_metrics_table,figures.render_protocol_schematic;figures.render_efficiency_profile
Secondary-Dataset Generalization,True,cell-metrics.parquet;seed-metrics.parquet;aggregate-metrics.parquet,Cell Metrics,FedSIRA Protocol Schematic;Secondary Generalization,tables.render_experiment_cell_metrics_table,figures.render_protocol_schematic;figures.render_secondary_generalization
