experiment,workflow_callables,artifacts,datasets,datasets.ciciot2023,datasets.nbaiot,domain,evaluation,experiments,fedsira-core,learning,protocol,protocol.baselines,reporting
ADMISSION_DELAY_DECOMPOSITION_NAME,681,40,60,1,5,1,107,153,57,52,85,96,24
BASELINE_IMPLEMENTATION_VALIDATION_NAME,674,40,60,1,5,1,107,151,57,52,80,96,24
BYZANTINE_BOUND_VIOLATION_NAME,566,40,58,1,3,1,106,139,57,50,81,6,24
CAPABILITY_UNDER_SPECIFICATION_BOUNDARY_NAME,594,40,64,1,3,1,123,136,57,50,80,15,24
COMPROMISED_REPRODUCER_ROBUSTNESS_NAME,562,40,58,1,3,1,106,135,57,50,81,6,24
COMPROMISED_VERIFIER_ROBUSTNESS_NAME,563,40,58,1,3,1,106,137,57,50,80,6,24
DATA_AND_DOMAIN_EVIDENCE_VALIDATION_NAME,295,40,23,1,4,1,58,91,51,0,2,0,24
EFFICIENCY_MEASUREMENT_NAME,694,41,60,1,5,10,108,154,63,52,80,96,24
EVIDENCE_SCARCITY_AND_DORMANCY_NAME,572,40,58,1,3,1,106,136,57,50,90,6,24
EXTERNAL_VERIFICATION_NECESSITY_NAME,560,40,58,1,3,1,106,134,57,50,80,6,24
HETEROGENEOUS_REPRODUCTION_BOUNDARY_NAME,594,40,64,1,3,1,123,136,57,50,80,15,24
MECHANISM_ABLATION_NAME,597,40,58,1,3,1,110,153,57,50,80,20,24
PRIMARY_CONFIRMATORY_EVALUATION_NAME,675,40,60,1,5,1,107,152,57,52,80,96,24
PROPOSAL_ASSISTED_OPENING_NECESSITY_NAME,565,40,58,1,3,1,109,136,57,50,80,6,24
PROTOCOL_INVARIANT_VALIDATION_NAME,347,41,23,1,4,2,60,102,53,21,15,1,24
SECONDARY_DATASET_GENERALIZATION_NAME,560,40,58,1,3,1,106,134,57,50,80,6,24
SHARED_EPISTEMIC_FAILURE_BOUNDARY_NAME,594,40,64,1,3,1,123,136,57,50,80,15,24
SINGLE_REPRODUCTION_NECESSITY_NAME,561,40,58,1,3,1,107,134,57,50,80,6,24
SOURCE_ARTIFACT_EXCLUSION_NECESSITY_NAME,572,40,58,1,3,1,107,136,57,50,82,13,24
