caller_graph_id,callee_graph_id
src_fedsira_experiments_handlers_protocolcelldispatch_ablation_production_asr,src_fedsira_experiments_handlers_protocolcelldispatch_real_anchor
src_fedsira_experiments_handlers_protocolcelldispatch_ablation_production_asr,src_fedsira_experiments_handlers_protocolcelldispatch_source_backdoor_scope_for_cell
src_fedsira_experiments_handlers_protocolcelldispatch_advance_protocol,src_fedsira_experiments_handlers_protocolcelldispatch_backdoor_scope_for_cell
src_fedsira_experiments_handlers_protocolcelldispatch_advance_protocol,src_fedsira_experiments_handlers_protocolcelldispatch_heterogeneity_scope_for_cell
src_fedsira_experiments_handlers_protocolcelldispatch_advance_protocol,src_fedsira_experiments_handlers_protocolcelldispatch_real_anchor
src_fedsira_experiments_handlers_protocolcelldispatch_advance_protocol,src_fedsira_experiments_handlers_protocolcelldispatch_same_context_verifier_panel
src_fedsira_experiments_handlers_protocolcelldispatch_advance_protocol,src_fedsira_experiments_handlers_protocolcelldispatch_source_backdoor_scope_for_cell
src_fedsira_experiments_handlers_protocolcelldispatch_deployed_source_asr,src_fedsira_experiments_handlers_protocolcelldispatch_real_anchor
src_fedsira_experiments_handlers_protocolcelldispatch_deployed_source_asr,src_fedsira_experiments_handlers_protocolcelldispatch_source_backdoor_scope_for_cell
src_fedsira_experiments_handlers_protocolcelldispatch_execute_ablation_cell,src_fedsira_experiments_handlers_protocolcelldispatch_real_anchor
src_fedsira_experiments_handlers_protocolcelldispatch_execute_ablation_cell,src_fedsira_experiments_handlers_protocolcelldispatch_scoped_capability_contract_passes
src_fedsira_experiments_handlers_protocolcelldispatch_execute_ablation_cell,src_fedsira_protocol_baselines_outcomes_protocolbaselineoutcomes_client_review_outcome
src_fedsira_experiments_handlers_protocolcelldispatch_execute_ablation_cell,src_fedsira_protocol_baselines_outcomes_protocolbaselineoutcomes_source_release_after_full_external_check_outcome
src_fedsira_experiments_handlers_protocolcelldispatch_execute_baseline_cell,src_fedsira_experiments_handlers_protocolcelldispatch_real_anchor
src_fedsira_experiments_handlers_protocolcelldispatch_execute_baseline_cell,src_fedsira_protocol_baselines_outcomes_protocolbaselineoutcomes_centralized_reference_outcome
src_fedsira_experiments_handlers_protocolcelldispatch_execute_baseline_cell,src_fedsira_protocol_baselines_outcomes_protocolbaselineoutcomes_client_review_outcome
src_fedsira_experiments_handlers_protocolcelldispatch_execute_baseline_cell,src_fedsira_protocol_baselines_outcomes_protocolbaselineoutcomes_density_cluster_trimmed_mean_outcome
src_fedsira_experiments_handlers_protocolcelldispatch_execute_baseline_cell,src_fedsira_protocol_baselines_outcomes_protocolbaselineoutcomes_fedavg_reference_outcome
src_fedsira_experiments_handlers_protocolcelldispatch_execute_baseline_cell,src_fedsira_protocol_baselines_outcomes_protocolbaselineoutcomes_independent_local_reference_outcome
src_fedsira_experiments_handlers_protocolcelldispatch_execute_baseline_cell,src_fedsira_protocol_baselines_outcomes_protocolbaselineoutcomes_krum_reference_outcome
src_fedsira_experiments_handlers_protocolcelldispatch_execute_baseline_cell,src_fedsira_protocol_baselines_outcomes_protocolbaselineoutcomes_local_only_reference_outcome
src_fedsira_experiments_handlers_protocolcelldispatch_execute_baseline_cell,src_fedsira_protocol_baselines_outcomes_protocolbaselineoutcomes_multiple_model_certified_ensemble_outcome
src_fedsira_experiments_handlers_protocolcelldispatch_execute_baseline_cell,src_fedsira_protocol_baselines_outcomes_protocolbaselineoutcomes_recovery_after_source_admission_outcome
src_fedsira_experiments_handlers_protocolcelldispatch_execute_baseline_cell,src_fedsira_protocol_baselines_outcomes_protocolbaselineoutcomes_secure_continual_assessment_outcome
src_fedsira_experiments_handlers_protocolcelldispatch_execute_baseline_cell,src_fedsira_protocol_baselines_outcomes_protocolbaselineoutcomes_source_update_sanitization_outcome
src_fedsira_experiments_handlers_protocolcelldispatch_execute_baseline_cell,src_fedsira_protocol_baselines_outcomes_protocolbaselineoutcomes_update_reconstruction_filter_outcome
src_fedsira_experiments_handlers_protocolcelldispatch_execute_boundary_cell,src_fedsira_experiments_handlers_protocolcelldispatch_heterogeneity_scope_for_cell
src_fedsira_experiments_handlers_protocolcelldispatch_execute_boundary_cell,src_fedsira_experiments_handlers_protocolcelldispatch_real_anchor
src_fedsira_experiments_handlers_protocolcelldispatch_execute_boundary_cell,src_fedsira_protocol_baselines_outcomes_protocolbaselineoutcomes_krum_reference_outcome
src_fedsira_experiments_handlers_protocolcelldispatch_execute_efficiency_cell,src_fedsira_experiments_handlers_protocolcelldispatch_real_anchor
src_fedsira_experiments_handlers_protocolcelldispatch_execute_reproducer_robustness_cell,src_fedsira_experiments_handlers_protocolcelldispatch_backdoor_scope_for_cell
src_fedsira_experiments_handlers_protocolcelldispatch_execute_reproducer_robustness_cell,src_fedsira_experiments_handlers_protocolcelldispatch_real_anchor
src_fedsira_experiments_handlers_protocolcelldispatch_execute_source_exclusion_cell,src_fedsira_experiments_handlers_protocolcelldispatch_real_anchor
src_fedsira_experiments_handlers_protocolcelldispatch_execute_source_exclusion_cell,src_fedsira_experiments_handlers_protocolcelldispatch_source_backdoor_scope_for_cell
src_fedsira_experiments_handlers_protocolcelldispatch_execute_source_exclusion_cell,src_fedsira_protocol_baselines_outcomes_protocolbaselineoutcomes_client_review_outcome
src_fedsira_experiments_handlers_protocolcelldispatch_run_opening_stage,src_fedsira_experiments_handlers_protocolcelldispatch_real_anchor
src_fedsira_experiments_handlers_protocolcelldispatch_run_opening_stage,src_fedsira_experiments_handlers_protocolcelldispatch_source_backdoor_scope_for_cell
src_fedsira_protocol_baselines_outcomes_protocolbaselineoutcomes_centralized_reference_outcome,src_fedsira_experiments_handlers_protocolcellexecutor_final_gate_outcome
src_fedsira_protocol_baselines_outcomes_protocolbaselineoutcomes_centralized_reference_outcome,src_fedsira_experiments_handlers_protocolcellexecutor_real_anchor
src_fedsira_protocol_baselines_outcomes_protocolbaselineoutcomes_client_review_outcome,src_fedsira_experiments_handlers_protocolcellexecutor_backdoor_scope_for_cell
src_fedsira_protocol_baselines_outcomes_protocolbaselineoutcomes_client_review_outcome,src_fedsira_experiments_handlers_protocolcellexecutor_candidate_capability_contract_passes
src_fedsira_protocol_baselines_outcomes_protocolbaselineoutcomes_client_review_outcome,src_fedsira_experiments_handlers_protocolcellexecutor_real_anchor
src_fedsira_protocol_baselines_outcomes_protocolbaselineoutcomes_density_cluster_trimmed_mean_outcome,src_fedsira_experiments_handlers_protocolcellexecutor_final_gate_outcome
src_fedsira_protocol_baselines_outcomes_protocolbaselineoutcomes_density_cluster_trimmed_mean_outcome,src_fedsira_experiments_handlers_protocolcellexecutor_real_anchor
src_fedsira_protocol_baselines_outcomes_protocolbaselineoutcomes_fedavg_reference_outcome,src_fedsira_experiments_handlers_protocolcellexecutor_final_gate_outcome
src_fedsira_protocol_baselines_outcomes_protocolbaselineoutcomes_fedavg_reference_outcome,src_fedsira_experiments_handlers_protocolcellexecutor_real_anchor
src_fedsira_protocol_baselines_outcomes_protocolbaselineoutcomes_independent_local_reference_outcome,src_fedsira_experiments_handlers_protocolcellexecutor_real_anchor
src_fedsira_protocol_baselines_outcomes_protocolbaselineoutcomes_krum_reference_outcome,src_fedsira_experiments_handlers_protocolcellexecutor_final_gate_outcome
src_fedsira_protocol_baselines_outcomes_protocolbaselineoutcomes_krum_reference_outcome,src_fedsira_experiments_handlers_protocolcellexecutor_real_anchor
src_fedsira_protocol_baselines_outcomes_protocolbaselineoutcomes_local_only_reference_outcome,src_fedsira_experiments_handlers_protocolcellexecutor_real_anchor
src_fedsira_protocol_baselines_outcomes_protocolbaselineoutcomes_multiple_model_certified_ensemble_outcome,src_fedsira_experiments_handlers_protocolcellexecutor_real_anchor
src_fedsira_protocol_baselines_outcomes_protocolbaselineoutcomes_recovery_after_source_admission_outcome,src_fedsira_experiments_handlers_protocolcellexecutor_final_gate_outcome
src_fedsira_protocol_baselines_outcomes_protocolbaselineoutcomes_recovery_after_source_admission_outcome,src_fedsira_experiments_handlers_protocolcellexecutor_real_anchor
src_fedsira_protocol_baselines_outcomes_protocolbaselineoutcomes_secure_continual_assessment_outcome,src_fedsira_experiments_handlers_protocolcellexecutor_candidate_capability_contract_passes
src_fedsira_protocol_baselines_outcomes_protocolbaselineoutcomes_secure_continual_assessment_outcome,src_fedsira_experiments_handlers_protocolcellexecutor_final_gate_outcome
src_fedsira_protocol_baselines_outcomes_protocolbaselineoutcomes_secure_continual_assessment_outcome,src_fedsira_experiments_handlers_protocolcellexecutor_real_anchor
src_fedsira_protocol_baselines_outcomes_protocolbaselineoutcomes_source_release_after_full_external_check_outcome,src_fedsira_experiments_handlers_protocolcellexecutor_final_gate_outcome
src_fedsira_protocol_baselines_outcomes_protocolbaselineoutcomes_source_release_after_full_external_check_outcome,src_fedsira_experiments_handlers_protocolcellexecutor_real_anchor
src_fedsira_protocol_baselines_outcomes_protocolbaselineoutcomes_source_update_sanitization_outcome,src_fedsira_experiments_handlers_protocolcellexecutor_candidate_capability_contract_passes
src_fedsira_protocol_baselines_outcomes_protocolbaselineoutcomes_source_update_sanitization_outcome,src_fedsira_experiments_handlers_protocolcellexecutor_final_gate_outcome
src_fedsira_protocol_baselines_outcomes_protocolbaselineoutcomes_source_update_sanitization_outcome,src_fedsira_experiments_handlers_protocolcellexecutor_real_anchor
src_fedsira_protocol_baselines_outcomes_protocolbaselineoutcomes_update_reconstruction_filter_outcome,src_fedsira_experiments_handlers_protocolcellexecutor_final_gate_outcome
src_fedsira_protocol_baselines_outcomes_protocolbaselineoutcomes_update_reconstruction_filter_outcome,src_fedsira_experiments_handlers_protocolcellexecutor_real_anchor
