kind,product,roadmap_section,producer,current_consumer_input,required_run_side_source_family,scientific_scope,known_lineage_gap
table,Cell Metrics,experiment artifact,tables.render_experiment_cell_metrics_table,completed cell outcomes,cell-metrics.parquet,each experiment registration,per-experiment rows are currently materialized during execution; project aggregate lineage remains open (ART-011/WIRE-009)
table,Dataset and Domain Protocol,33.1,protocol_tables.render_dataset_and_domain_protocol_table,"validated dataset identities, configuration",dataset/raw-identity and prepared-role manifests,N-BaIoT and CICIoT2023,none recorded
table,Primary Domain Statistics,33.1,protocol_tables.render_primary_domain_statistics_table,prepared role evidence counts and configuration,prepared-role and scaler manifests,N-BaIoT primary domains,none recorded
table,Model and Training Protocol,33.1,protocol_tables.render_model_and_training_protocol_table,validated configuration and fixed model contract,configuration and producer identities,anchor/source/reproducer contracts,none recorded
table,Security and Capability-Contract Protocol,33.1,protocol_tables.render_security_and_capability_contract_protocol_table,validated configuration and protocol definitions,configuration and protocol-evidence manifests,verifier/Krum/final-gate contract,none recorded
table,Baseline Protocol,33.1,protocol_tables.render_baseline_protocol_table,registered baseline definitions,baseline registry and producer metadata,all 17 Section 16 baselines,none recorded
table,Experiment Plan,33.1,protocol_tables.render_experiment_plan_table,validated experiment plan,plan/configuration identity,"all 19 registrations and 1,989 cells",none recorded
table,Metric and Statistics Protocol,33.1,protocol_tables.render_metric_and_statistics_protocol_table,registered metric/comparison definitions and configuration,comparison/statistical configuration,all registered metrics and families,none recorded
table,Primary Results,33.2,tables.render_primary_results_table,comparison results and cell outcomes,"comparison evidence, cell/aggregate metric evidence",Primary Confirmatory Evaluation,project summary currently receives outcome objects; typed aggregate uncertainty/source lineage remains open (ART-011/WIRE-009)
table,Source-Exclusion Results,33.2,tables.render_source_exclusion_results_table,"comparison results, outcomes, collapse decisions",comparison and metric evidence plus collapse decision,Source-Artifact Exclusion Necessity,project summary currently receives outcome objects; typed aggregate uncertainty/source lineage remains open (ART-011/WIRE-009)
table,Collapse Decisions,33.2,tables.render_collapse_decisions_table,collapse decision records and resolved core,four collapse comparison artifacts and fixed protocol configuration,four pre-core collapse workflows,conditional on a valid resolved core
table,Ablation Results,33.2,tables.render_ablation_results_table,comparison results and outcomes,"ablation comparison, cell metrics, and reference artifact identities",Mechanism Ablation,project summary currently receives outcome objects; typed aggregate uncertainty/source lineage remains open (ART-011/WIRE-009)
table,Byzantine Robustness,33.2,tables.render_byzantine_robustness_table,comparison results and outcomes,robustness comparisons and per-cell metrics,"Compromised Reproducer, Compromised Verifier, Byzantine Bound Violation",project summary currently receives outcome objects; typed aggregate uncertainty/source lineage remains open (ART-011/WIRE-009)
table,Failure Boundaries,33.2,tables.render_failure_boundaries_table,comparison results and outcomes,"boundary comparisons, metrics, and state trajectory evidence","Dormancy, epistemic, capability, heterogeneity boundaries",project summary currently receives outcome objects; typed aggregate uncertainty/source lineage remains open (ART-011/WIRE-009)
table,Delay and Efficiency,33.2,tables.render_delay_and_efficiency_table,comparison results and outcomes,"delay comparisons, timing metrics, efficiency telemetry",Admission-Delay Decomposition and Efficiency Measurement,project summary currently receives outcome objects; typed aggregate uncertainty/source lineage remains open (ART-011/WIRE-009)
table,Generalization Results,33.2,tables.render_generalization_results_table,comparison results and outcomes,secondary-dataset comparisons and per-cell metrics,Secondary-Dataset Generalization,project summary currently receives outcome objects; typed aggregate uncertainty/source lineage remains open (ART-011/WIRE-009)
table,Statistical Summary,33.2,tables.render_statistical_summary_table,persisted comparison results,comparison evidence artifacts and source-cell identities,all predeclared comparison families,comparison provenance/currency is validated; aggregate report lineage remains open (ART-011)
figure,FedSIRA Protocol Schematic,34.1,figures.render_protocol_schematic,fixed protocol stage enum,fixed protocol specification,method overview,"deterministic schematic, no result data"
figure,Primary Security-Utility Tradeoff,34.2,figures.render_security_utility_tradeoff,primary comparison results,comparison evidence with paired seed effects and intervals,Primary Confirmatory Evaluation,project figure receives typed comparison results; source-data artifact lineage remains open (ART-011/WIRE-009)
figure,Useful Backdoored Source,34.3,figures.render_useful_backdoored_source,primary comparisons and cell outcomes,primary comparison and per-cell metric evidence,Useful Backdoored Source scenario,source rows are currently outcome-derived at report time (FIG-003/ART-011)
figure,Collapse Decision Effects,34.4,figures.render_collapse_decision_effects,four collapse comparison results,collapse comparison artifacts and source-cell identities,four pre-core collapse workflows,requires complete persisted comparison lineage
figure,Compromised-Reproducer Boundary,34.5,figures.render_compromised_reproducer_boundary,reproducer comparisons and cell outcomes,robustness comparison and per-cell metric evidence,Compromised-Reproducer Robustness,source rows are currently outcome-derived at report time (FIG-003/ART-011)
figure,Compromised-Verifier Boundary,34.6,figures.render_compromised_verifier_boundary,verifier comparisons and cell outcomes,robustness comparison and per-cell metric evidence,Compromised-Verifier Robustness,source rows are currently outcome-derived at report time (FIG-003/ART-011)
figure,Evidence-Arrival State Trajectory,34.7,figures.render_evidence_arrival_trajectory,published run-side state fractions,state-trajectory-fractions.parquet plus state-trajectory.parquet,Evidence Scarcity and Dormancy,"fraction rows are materialized at run completion, carry source semantic cell keys, and are bound by the metric-evidence manifest"
figure,Shared Epistemic Failure,34.8,figures.render_shared_epistemic_failure,boundary comparisons and cell outcomes,comparison and clean-oracle metric evidence,Shared Epistemic-Failure Boundary,source rows are currently outcome-derived at report time (FIG-003/ART-011)
figure,Capability-Granularity Boundary,34.9,figures.render_capability_granularity_boundary,boundary comparisons and cell outcomes,comparison and per-cell metric evidence,Capability Under-Specification Boundary,source rows are currently outcome-derived at report time (FIG-003/ART-011)
figure,Heterogeneity Synthesis Boundary,34.10,figures.render_heterogeneity_synthesis_boundary,boundary comparisons and cell outcomes,comparison and per-cell metric evidence,Heterogeneous-Reproduction Boundary,source rows are currently outcome-derived at report time (FIG-003/ART-011)
figure,Admission-Delay Decomposition,34.11,figures.render_admission_delay_decomposition,delay comparisons and cell outcomes,comparison and typed phase timing evidence,Admission-Delay Decomposition,source rows are currently outcome-derived at report time (FIG-003/ART-011)
figure,Efficiency Profile,34.12,figures.render_efficiency_profile,efficiency telemetry observations,resource/timing evidence artifacts,Efficiency Measurement,project telemetry is currently projected from stored outcomes (FIG-003/ART-011)
figure,Secondary Generalization,34.13,figures.render_secondary_generalization,secondary comparison results,comparison evidence with paired seed effects and intervals,Secondary-Dataset Generalization,project figure receives typed comparison results; source-data artifact lineage remains open (ART-011/WIRE-009)
